O que é o MERCOSUL?;Bloco econômico regional sul-americano criado em 1991 para promover integração econômica e livre comércio entre seus membros.
Quais são os principais órgãos do MERCOSUL?;Conselho do Mercado Comum (CMC), Grupo Mercado Comum (GMC), Comissão de Comércio do MERCOSUL (CCM).
Quais países fundaram o MERCOSUL?;Brasil, Argentina, Uruguai e Paraguai.
Qual a principal função do Conselho do Mercado Comum (CMC)?;Fixar os objetivos políticos e econômicos do MERCOSUL.
O que é a CELAC?;Comunidade de Estados Latino-Americanos e Caribenhos, criada para promover a integração regional sem a presença dos EUA e Canadá.
Por que a CELAC é importante para o Brasil?;Retomou relevância com a volta do Brasil e reforça o diálogo político latino-americano.
Quando o Brasil voltou à CELAC?;Em 2023, com presença na Cúpula CELAC-UE em Bruxelas.
O que é a UNASUL?;União de Nações Sul-Americanas, criada para integrar política e infraestrutura da América do Sul.
Quando o Brasil retornou à UNASUL?;Em 2023, com a Cúpula de Presidentes em Brasília.
O que é a OTCA?;Organização do Tratado de Cooperação Amazônica, voltada para o desenvolvimento sustentável da Amazônia.
Quando ocorrerá a Cúpula dos Países Amazônicos sediada pelo Brasil?;Agosto de 2023.
O que é o PROSUL?;Foro político criado em 2019 como alternativa à UNASUL, com foco em cooperação prática.
O PROSUL é tema central para o CACD?;Não, sua cobrança tende a ser periférica ou contextual.
O que é a OEA?;Organização dos Estados Americanos, principal foro político do continente americano.
Por que a OEA é importante para o Brasil?;Participa de temas como democracia, direitos humanos e segurança regional.
O que é o sistema interamericano de direitos humanos?;Conjunto de instituições e normas voltadas à proteção dos direitos humanos nas Américas.
O que é a CPLP?;Comunidade dos Países de Língua Portuguesa, voltada à cooperação entre países lusófonos.
Qual a importância da CPLP para o Brasil?;Reforça laços culturais, diplomáticos e econômicos com países lusófonos.
O que é o Fórum IBAS?;Diálogo trilateral entre Índia, Brasil e África do Sul, voltado à cooperação Sul-Sul.
O que são os BRICS?;Grupo formado por Brasil, Rússia, Índia, China e África do Sul, com foco em reforma da governança global.
Qual a relevância atual do BRICS para o Brasil?;Espaço estratégico para multilateralismo, comércio e financiamento alternativo.
O que é o FOCALAL?;Foro de Cooperação América Latina–Ásia do Leste, com foco em diálogo inter-regional.
O FOCALAL é prioritário no CACD?;Não, tem menor centralidade em relação a outros mecanismos.
O que foi o PICE?;Programa de Integração e Cooperação Econômica criado por Brasil e Argentina em 1986 para promover integração setorial e comercial.
Por que o PICE é importante?;Marca a transição da cooperação para a integração entre Brasil e Argentina.
O que estabeleceu a Ata para a Integração Argentino-Brasileira?;Criou o PICE e firmou protocolos em áreas como trigo, energia e empresas binacionais.
Por que o PICE tinha enfoque setorial?;Para permitir uma integração gradual e evitar assimetrias prejudiciais, especialmente para a Argentina.
O que foi o TICE?;Tratado de Integração, Cooperação e Desenvolvimento assinado em 1988 entre Brasil e Argentina.
Qual era o objetivo do TICE?;Criar um espaço econômico comum entre Brasil e Argentina em até 10 anos.
Quais princípios norteiam o TICE?;Gradualismo, flexibilidade, equilíbrio e simetria.
Por que o TICE foi relevante para o MERCOSUL?;Estabeleceu a base jurídica e institucional para a integração posterior.
O que foi o ACE nº 14?;Acordo que consolidou os 24 protocolos do TICE em um único documento em 1990.
Qual o papel da ALADI no processo?;O PICE e o TICE eram abertos à adesão de países da ALADI, ampliando o escopo do processo.
O que foi a Ata de Buenos Aires de 1990?;Documento que acelerou o processo de integração e estabeleceu prazo para criação do Mercado Comum.
Por que a Ata de Buenos Aires marcou uma mudança?;Abandonou a integração gradual e adotou liberalização rápida, alinhada ao Consenso de Washington.
Qual era o prazo para a criação do Mercado Comum segundo a Ata de Buenos Aires?;Até 31 de dezembro de 1994.
Que órgão foi criado pela Ata de Buenos Aires?;Grupo Mercado Comum (GMC), mantido depois pelo Tratado de Assunção.
Que países se juntaram após a Ata de Buenos Aires?;Uruguai e Paraguai, participando das negociações que levaram ao Tratado de Assunção.
Quando foi assinado o Tratado de Assunção?;Em 26 de março de 1991.
O que são relações em eixo?;Parceria estratégica entre dois países que estruturam a integração regional, como Brasil e Argentina.
Por que a relação Brasil-Argentina é comparada à de Alemanha e França?;Ambas superaram rivalidades históricas e lideraram seus processos de integração regional.
Qual o papel das relações em eixo no MERCOSUL?;Foram a base política e estratégica para a consolidação do bloco.
Quando Brasil e Argentina firmaram aliança estratégica?;Em 1997, elevando o nível de cooperação bilateral.
Quais são os valores fundacionais do MERCOSUL?;Livre comércio, democracia e, em menor grau, direitos humanos.
Qual a importância do setor automotivo na integração?;Representa um exemplo de complementaridade econômica entre Brasil e Argentina.
Qual a importância do Tratado de Tlatelolco para a integração?;Reforçou a confiança mútua ao estabelecer zona livre de armas nucleares na América Latina.
O que foi a COBEN?;Comissão Bilateral de Energia Nuclear criada por Brasil e Argentina como instrumento de confiança mútua.
O que é o Tratado de Assunção?;Acordo assinado em 1991 que criou formalmente o MERCOSUL e estabeleceu metas para formação de um mercado comum.
Por que o Tratado de Assunção é importante?;Marca o início institucional do MERCOSUL e define os objetivos da integração regional.
Quais são os objetivos do Tratado de Assunção?;"Livre circulação de bens, serviços e fatores produtivos; política comercial comum; coordenação macroeconômica e harmonização de legislações."
Por que foi criado o Programa de Liberalização Comercial?;Para eliminar gradualmente tarifas intrabloco durante o período de transição até 1994.
O que é a Tarifa Externa Comum (TEC)?;Tarifa comum aplicada às importações de fora do bloco pelos países do MERCOSUL.
Por que a TEC é importante?;É elemento central da união aduaneira, promove coerência nas importações extrabloco.
O que é o Conselho do Mercado Comum (CMC)?;Órgão decisório superior do MERCOSUL, criado pelo Tratado de Assunção.
O que é o Grupo Mercado Comum (GMC)?;Órgão executivo do MERCOSUL, mantido do acordo anterior e reforçado em Assunção.
Por que o MERCOSUL tem caráter intergovernamental?;Para preservar a autonomia dos Estados Partes, como defendido pelo Brasil.
O que influenciou a aceleração do MERCOSUL nos anos 1990?;Neoliberalismo, regionalismo aberto e governos alinhados ao Consenso de Washington.
Por que Gaetano chama o início do bloco de “MERCOSUL fenício”?;Porque era focado em comércio e liberalização econômica, sem aprofundamento político.
O que é o Acordo do Jardim de Rosas?;Acordo em formato 4+1 assinado em 1991 com os EUA para aprofundar relações comerciais.
Por que Brasil e Argentina lideraram o Tratado de Assunção?;Já estavam avançados na integração quando Uruguai e Paraguai aderiram.
O que diz o Artigo 6º do Tratado de Assunção?;Reconhece ritmos diferenciados para Paraguai e Uruguai no processo de liberalização.
Por que foi criado o FOCEM?;Para financiar projetos e reduzir assimetrias entre os membros do bloco.
O que são os “custos da integração” no MERCOSUL?;Elementos como consenso, regimes especiais e compensações para lidar com desigualdades.
O que é o Protocolo de Ouro Preto?;Documento de 1994 que consolidou a estrutura institucional do MERCOSUL.
O mercado comum do MERCOSUL está completo?;Não, ainda não foi plenamente implementado, especialmente nas áreas macroeconômicas.
O que a Constituição de 1988 diz sobre integração?;No Art. 4º, determina que o Brasil buscará a integração latino-americana em todos os níveis.
Qual é o alcance territorial do MERCOSUL?;Cerca de 13 milhões de km² (12 milhões sem a Venezuela), 67% da América do Sul.
Qual é a população do MERCOSUL?;Aproximadamente 300 milhões de pessoas (270 milhões sem a Venezuela).
Qual a posição econômica do MERCOSUL no mundo?;"Já foi a 5ª maior economia; hoje está entre a 7ª e 8ª, dependendo da inclusão da Venezuela."
Por que o MERCOSUL é relevante no comércio agrícola?;É líder mundial na exportação de soja, carne, café, milho, entre outros.
Como evoluiu o comércio intrabloco do MERCOSUL?;Passou de US$ 4,5 bilhões (1991) para US$ 40 bilhões (2021) entre os fundadores.
Por que o MERCOSUL atrai investimentos estrangeiros?;Por sua integração econômica e tamanho de mercado, recebeu 45% dos IDEs da região em 2019.
Qual é a média da TEC antes da revisão?;Em torno de 11,3%.
Como funciona a TEC no MERCOSUL?;Dividida em 11 níveis tarifários, de 0% a 20%, podendo chegar a 35% em regimes especiais.
O que são as listas de exceção à TEC?;Regimes especiais que permitem a aplicação de tarifas distintas à TEC comum.
O que impede a união aduaneira plena no MERCOSUL?;Regimes especiais, exceções e diferenças entre as legislações dos membros.
Qual é o status da Venezuela no MERCOSUL?;Suspensa desde 2016 por descumprimento normativo e, depois, por ruptura democrática.
Qual é o status da Bolívia no MERCOSUL?;"Estado Associado em processo de adesão; falta ratificação do protocolo."
O que caracteriza o estágio atual do MERCOSUL?;União aduaneira imperfeita com avanços parciais em mercado comum.
Que setores ainda não têm livre comércio pleno no bloco?;Açúcar e automóveis, que estão sob regimes especiais.
O que é o Protocolo de Ouro Preto (POP)?;Documento de 1994 que definiu a estrutura institucional básica do MERCOSUL e deu personalidade jurídica ao bloco.
Por que o POP é importante?;Estabeleceu órgãos decisórios, regras de funcionamento e a natureza intergovernamental do MERCOSUL.
Quais são os três órgãos decisórios do MERCOSUL segundo o POP?;1) CMC – Conselho do Mercado Comum
;2) GMC – Grupo Mercado Comum
;3) CCM – Comissão de Comércio do MERCOSUL
O que é o CMC?;Conselho do Mercado Comum: órgão político superior do MERCOSUL.
O que é o GMC?;Grupo Mercado Comum: órgão executivo do MERCOSUL.
O que é a CCM?;Comissão de Comércio do MERCOSUL: órgão técnico que aplica a política comercial comum.
Por que o POP conferiu personalidade jurídica ao MERCOSUL?;Para permitir atuação internacional do bloco como sujeito de direito.
O que é a presidência rotativa do MERCOSUL?;Cada Estado Parte assume a presidência do bloco por um semestre, em sistema rotativo.
O que são fontes jurídicas do MERCOSUL?;Tratados internacionais e normas dos órgãos decisórios (Decisões, Resoluções, Diretrizes).
O que é necessário para um tratado entrar em vigor no MERCOSUL?;Ratificação conforme os trâmites internos de cada Estado Parte.
O que é o Tribunal Permanente de Revisão (TPR)?;Criado pelo Protocolo de Olivos (2002) como instância de revisão em disputas comerciais.
O que foi o Protocolo de Brasília (1991)?;Primeiro acordo sobre solução de controvérsias no MERCOSUL.
O que foi o Protocolo de Las Leñas (1992)?;Tratado de cooperação judicial entre os países do MERCOSUL.
O que foi o Protocolo de Montevidéu (1997)?;Acordo sobre comércio de serviços no MERCOSUL.
O que é o Protocolo de Ushuaia (1998)?;Cláusula democrática que condiciona a participação no MERCOSUL à existência de regime democrático.
O que é o Protocolo de Olivos (2002)?;Reformou o sistema de solução de controvérsias e criou o TPR.
O que é o Protocolo de Assunção sobre Direitos Humanos (2005)?;Acordo que reforça o compromisso do MERCOSUL com os direitos humanos.
O que é o Protocolo de Montevidéu de 2011 (Ushuaia II)?;Aperfeiçoa a cláusula democrática e amplia medidas contra rupturas democráticas.
O que é o PARLASUL?;Parlamento do MERCOSUL, criado em 2007 como órgão de representação cidadã.
Por que o PARLASUL é importante?;Substituiu a Comissão Parlamentar Conjunta e permite recomendações e declarações.
O que é o ISM?;Instituto Social do MERCOSUL, criado em 2008 para temas sociais.
O que é o IPPDH?;Instituto de Políticas Públicas de Direitos Humanos do MERCOSUL, criado em 2012.
O que são as Cúpulas Sociais do MERCOSUL?;Encontros com participação de governos e sociedade civil, sem caráter institucional formal.
O que é a PCIM?;Política de Cooperação Internacional do MERCOSUL, voltada para integração e redução de assimetrias.
Por que o MERCOSUL ampliou sua agenda?;O êxito econômico permitiu expansão para temas políticos, sociais e de cidadania.
O que foi o Plano de Ação Social (2011)?;Um dos marcos da dimensão social do MERCOSUL.
O que é o Estatuto da Cidadania do MERCOSUL?;Documento que busca garantir direitos comuns aos cidadãos dos Estados Partes.
Quais áreas o MERCOSUL coopera extrabloco?;Educação, meio ambiente, saúde, tecnologia, transporte, gênero, turismo, entre outras.
O que é a cláusula democrática do MERCOSUL?;Condição que exige a manutenção da democracia para a participação no bloco.
Quando o Paraguai foi suspenso do MERCOSUL?;Em 2012, por violação da cláusula democrática (Ushuaia).
Por que a Venezuela foi suspensa em 2016?;Por descumprir normas do bloco segundo seu Protocolo de Adesão.
Por que a Venezuela foi suspensa em 2017?;Por violar o Protocolo de Ushuaia, com ruptura da ordem democrática.
Quais sanções Ushuaia II prevê?;Fechamento de fronteiras, suspensão de serviços, sanções políticas e diplomáticas.
O que impede a entrada em vigor de Ushuaia II?;"Falta de ratificação pelos Estados fundadores; apenas Equador e Venezuela ratificaram."
O que é o FOCEM?;Fundo para a Convergência Estrutural do MERCOSUL, criado em 2004 para reduzir assimetrias entre os países do bloco.
Por que o FOCEM foi criado?;Para promover a solidariedade entre os membros e financiar projetos que reduzam desigualdades.
Quando o FOCEM começou a operar?;Em 2006.
Quais são os programas do FOCEM?;1) Convergência Estrutural
;2) Desenvolvimento da Competitividade
;3) Coesão Social
;4) Fortalecimento Institucional e Integração
Como funciona o sistema de aportes do FOCEM?;Os países mais ricos (Brasil e Argentina) contribuem mais e os menos desenvolvidos (Paraguai e Uruguai) recebem mais recursos.
O que é financiamento não reembolsável no FOCEM?;São doações de até 85% do valor elegível dos projetos, sem necessidade de devolução.
Quais países contribuem com o FOCEM?;Brasil, Argentina, Venezuela, Uruguai e Paraguai.
Quanto o Brasil contribui anualmente para o FOCEM?;US$ 70 milhões.
Quanto a Venezuela contribui ao FOCEM?;US$ 27 milhões por ano.
Quanto o Paraguai contribui ao FOCEM?;US$ 1 milhão por ano.
Como os recursos do FOCEM são distribuídos?;Paraguai (43,65%), Uruguai (29,05%), Argentina (9,1%), Brasil (9,1%) e Venezuela (9,1%).
Quais tipos de projetos o FOCEM financia?;Saneamento, rodovias, redes elétricas, escolas, ferrovias, entre outros.
Quantos projetos o FOCEM já aprovou?;52 projetos (com 25 em execução, 11 concluídos e 13 em finalização).
O que é o “FOCEM II”?;Extensão da vigência do FOCEM por mais 10 anos aprovada em 2015, mas ainda não entrou em vigor até 2022.
O que o Brasil anunciou em 2023 sobre o FOCEM?;Quitou R$ 500 milhões de dívida e poderá acessar R$ 350 milhões para projetos em áreas de fronteira.
Quem administra os recursos do FOCEM?;O FONPLATA, desde 2019, com gestão prudente e segura dos recursos.
O que é o ECM?;Estatuto da Cidadania do MERCOSUL: documento que reúne direitos e benefícios garantidos aos cidadãos do bloco.
Quando foi aprovado o Plano de Ação do ECM?;Em 2010.
Quais os objetivos gerais do ECM?;1) Livre circulação de pessoas
;2) Igualdade de direitos
;3) Igualdade de acesso a trabalho, saúde e educação
O que se esperava para 2021 sobre o ECM?;"Que fosse transformado em tratado internacional criando o conceito de ""Cidadão do MERCOSUL""."
O ECM cria obrigações jurídicas?;Não. É um instrumento informativo que sistematiza direitos já existentes.
Quais temas o ECM abrange?;1) Circulação de pessoas
;2) Fronteiras
;3) Cooperação judicial
;4) Trabalho
;5) Previdência
;6) Educação
;7) Transporte
;8) Comunicações
;9) Defesa do consumidor
;10) Direitos políticos
Qual a abordagem dos direitos no ECM?;Perspectiva de direitos humanos, igualdade e não discriminação.
O ECM pode ser atualizado?;Sim. É dinâmico e será atualizado conforme novos direitos forem reconhecidos.
O que permite a circulação de pessoas no ECM?;Uso de documento de identidade nacional em vez de passaporte entre Estados Partes.
Por que os cidadãos podem circular com documento de identidade?;Para facilitar o trânsito e integração entre os países do MERCOSUL.
O que garante residência temporária no MERCOSUL?;Cidadãos podem obter residência de até 2 anos sem necessidade de comprovação adicional.
Quem pode obter residência equivalente?;Familiares de nacionais, mesmo sem nacionalidade de Estado Parte.
Por que o ECM garante igualdade de tratamento?;Para assegurar os mesmos direitos civis, sociais, culturais e econômicos aos residentes.
O que os residentes podem fazer no país de acolhida?;Trabalhar, circular, exercer atividades lícitas, transferir recursos, peticionar, entre outros.
Empresários do MERCOSUL têm que seguir regras específicas?;Sim, seguem as leis locais, mas com trâmites facilitados para residência e documentos.
O que facilita os trâmites imigratórios?;Dispensa de tradução de documentos em vários casos.
Pode-se circular com veículos próprios?;Sim, veículos particulares podem circular entre países em viagens turísticas.
O que ocorre em caso de perda de documentos?;É reconhecido o documento de retorno emitido por consulados, sem necessidade de visto.
Como é feito o controle migratório?;Está sendo implantado um registro eletrônico para substituir o controle físico.
Como os aeroportos tratam os cidadãos do MERCOSUL?;Canais de ingresso privilegiados nos aeroportos internacionais dos Estados Partes.
Os passaportes do MERCOSUL são padronizados?;Sim, possuem características e segurança harmonizadas entre os países.
O que é uma Área de Controle Integrado?;Fronteira com procedimentos compatíveis e simultâneos entre os países.
O que facilita a exportação temporária em áreas de fronteira?;Procedimentos simplificados para eventos culturais, esportivos e artísticos.
Por que há compromisso com trabalhadores de fronteira?;Para melhorar condições de vida e trabalho nas zonas de fronteira.
O que prevê o Acordo sobre Localidades Fronteiriças Vinculadas?;Direito a estudar, circular e levar bens de consumo pessoal sem impostos.
O que prevê o Acordo de Complementação do Recife?;Novas modalidades de controle migratório integrado (ainda não vigente).
Quais modalidades novas o Acordo de Recife propõe?;1) Controle simultâneo
;2) Reconhecimento recíproco de competências.
O que garante o acesso à justiça no ECM?;Cidadãos têm o mesmo direito de acesso à jurisdição nos Estados Partes.
Existe caução para estrangeiros no acesso à justiça?;Não. ECM proíbe caução com base em nacionalidade.
Quem pode ter assistência jurídica gratuita?;Cidadãos e residentes permanentes (atualmente só Brasil e Paraguai).
O que é o Acordo sobre Transferência de Pessoas Condenadas?;Permite cumprir pena no país de origem (Estado Parte).
O que garante o Acordo de Cooperação Consular (2019)?;Proteção consular em locais sem representação do país de origem.
Quando o consulado pode prestar ajuda consular?;Em emergências, vulnerabilidade, crianças, violência, catástrofes e repatriação.
O que os Estados Partes se comprometeram em trabalho e emprego no ECM?;Formular políticas para trabalho decente, pleno emprego e empresas sustentáveis.
Quais direitos individuais são garantidos no ECM?;Não discriminação, igualdade de gênero, direitos de trabalhadores migrantes e com deficiência, entre outros.
Por que o ECM trata da jornada e condições de trabalho?;Para proteger direitos como descanso, férias, licenças e remuneração.
Quais são os direitos coletivos trabalhistas garantidos?;Liberdade sindical, negociação coletiva, direito de greve, diálogo social.
O que é promovido em saúde e segurança do trabalho?;Inspeção do trabalho e proteção ao trabalhador no ambiente laboral.
Qual a função da formação profissional no ECM?;Qualificar trabalhadores empregados e desempregados.
O que o ECM prevê em seguridade social?;Rede mínima de proteção social para todos os habitantes.
Por que há proteção social universal?;Para enfrentar riscos como invalidez, velhice, morte, enfermidade e deficiência.
O que garante o Acordo Multilateral de Previdência?;Reconhecimento de tempo de contribuição em qualquer Estado Parte.
Por que o ECM protege trabalhadores deslocados?;Para garantir acesso a saúde e benefícios previdenciários em outro Estado Parte.
O que é garantido aos estudantes no ECM?;Reconhecimento de títulos e certificados escolares para mobilidade educacional.
Por que os estudantes podem estudar em outro país do bloco?;Para facilitar mobilidade acadêmica e acesso ao ensino superior.
O que é o sistema ARCU-SUL?;Sistema de credenciamento que garante qualidade dos cursos de graduação.
Como o ECM trata pós-graduação?;Permite reconhecimento de diplomas de graduação para cursar pós em outro Estado Parte.
O que professores e pesquisadores podem fazer?;Ter seus diplomas reconhecidos para atuar em outro Estado Parte.
O que garante o visto gratuito no ECM?;Estudo temporário, intercâmbio e atividade docente em outro Estado Parte.
O que prevê o Acordo de Revalidação de Títulos?;Reconhecimento simplificado de diplomas de graduação (ainda não vigente).
Por que o ECM trata do transporte?;Para permitir reconhecimento de habilitação e circulação de veículos.
O que é exigido para veículos em viagem internacional?;Seguro contratado no país de origem, válido nos demais Estados Partes.
Como são identificados os veículos de transporte internacional?;Selo de inspeção técnica veicular no para-brisa.
O que acontece em caso de acidente de trânsito?;A vítima pode escolher onde processar: local do acidente, domicílio do réu ou próprio.
O que é a Placa MERCOSUL?;Modelo único de placa veicular a ser adotado por todos os países do bloco.
Por que criar a Placa MERCOSUL?;Para facilitar circulação e combater delitos como roubo e tráfico transfronteiriço.
O que o ECM garante sobre radiocomunicações?;Acesso técnico adequado via coordenação e harmonização do espectro radioelétrico.
Por que o ECM facilita chamadas entre localidades próximas?;Permite serviço telefônico internacional fronteiriço com tarifas econômicas.
O que garante o ECM sobre qualidade do serviço telefônico internacional?;Deve ser igual à qualidade do serviço nacional no mesmo Estado Parte.
Por que há integração postal entre cidades fronteiriças?;Para garantir serviço acessível de intercâmbio postal entre essas cidades.
O que garante o ECM na defesa da vida e saúde do consumidor?;Proteção contra riscos de produtos e serviços perigosos ou nocivos.
Por que o ECM assegura educação do consumidor?;Para garantir consumo adequado, liberdade de escolha e igualdade nas contratações.
O que o consumidor deve receber sobre produtos e serviços?;Informação suficiente, veraz, clara e objetiva.
Por que o ECM combate publicidade enganosa?;Para proteger contra práticas comerciais desleais e coercitivas.
O que o consumidor pode exigir judicialmente?;Reparação de danos patrimoniais e morais, individuais ou coletivos.
Por que o ECM permite associação de consumidores?;Para que sejam representados por entidades especializadas na defesa do consumidor.
O que o ECM exige em serviços públicos?;Prestação adequada e eficaz por fornecedores públicos ou privados.
Como deve ser a garantia de produtos?;Escrita, padronizada, no idioma do consumidor, clara e com informações essenciais.
Por que o ECM regula o comércio eletrônico?;Para garantir informações claras sobre fornecedores, produtos e transações.
O que deve ser informado em compras online?;Riscos, política de devolução, garantias e dados do fornecedor.
Por que produtos inseguros são proibidos no mercado?;Para proteger saúde e segurança, salvo riscos normais e previsíveis.
O que deve conter a informação sobre produtos e serviços?;Características essenciais, com clareza e objetividade.
O que os cidadãos dos Estados Partes podem fazer no Parlamento do MERCOSUL?;Ser representados e apresentar petições sobre atos ou omissões do bloco.
Por que o cidadão pode acionar o Parlamento do MERCOSUL?;Para que suas petições sejam examinadas e encaminhadas aos órgãos decisórios.
O que o cidadão pode fazer no mecanismo de solução de controvérsias?;Apresentar reclamações se prejudicado por medidas ilegais de outro Estado Parte.
Por que o cidadão pode reclamar ao GMC?;Para contestar medidas discriminatórias ou de concorrência desleal violando normas do MERCOSUL.
O que foi o “ciclo virtuoso” do MERCOSUL pós-2016?;Período de avanços impulsionado por Brasil e Argentina com foco na liberalização comercial.
Por que a confluência entre Brasil e Argentina foi importante em 2017?;Facilitou coordenação de prioridades e negociações comerciais.
O que dizia o Plano de Ação Bilateral de 2017?;Coordenar negociações comerciais, investimentos e eliminar barreiras intrabloco.
Por que a suspensão da Venezuela ajudou a coesão do MERCOSUL?;Reduziu divergências políticas e regulatórias dentro do bloco.
O que dificultava a integração da Venezuela ao MERCOSUL?;Falta de internalização de normas e foco político-social em vez de comercial.
Quais são os valores fundacionais resgatados no ciclo virtuoso?;Livre mercado, democracia, e direitos humanos.
Por que o livre mercado é um valor fundacional do MERCOSUL?;Está ligado à criação de uma união aduaneira e ao mercado comum.
O que representa o Protocolo de Ushuaia (1998)?;Compromisso com a democracia e o Estado de Direito no bloco.
Por que o Protocolo de Assunção (2005) é importante?;Afirma o compromisso do MERCOSUL com os direitos humanos.
Qual o objetivo do Protocolo de Cooperação e Facilitação de Investimentos (2017)?;Atrair investimentos com segurança jurídica no bloco.
Para que serve o Protocolo de Contratações Públicas (2017)?;Criar oportunidades de negócios e ampliar fornecedores.
O que foi feito em relação a barreiras comerciais em 2017?;A maioria dos entraves ao comércio intrabloco foi solucionada.
Qual foi o foco do Acordo de Boas Práticas Regulatórias (2018)?;Modernizar e harmonizar normas regulatórias no bloco.
Por que o Brasil promoveu modernização no MERCOSUL?;Para racionalizar estruturas, reduzir custos e gerar ganhos concretos aos cidadãos.
Qual a importância do Acordo sobre Revalidação de Títulos (2018)?;Facilita reconhecimento de diplomas de graduação no bloco.
Para que serve o Acordo-Quadro sobre Bens do Crime Organizado (2018)?;Destinar bens apreendidos do crime transnacional.
Por que foi assinada emenda ao Protocolo de São Luís (2018)?;Para melhorar cooperação em assuntos penais.
Qual o foco do programa da agenda digital (2018)?;Modernizar o MERCOSUL com foco em transformação digital.
O que o MERCOSUL declarou sobre a Nicarágua em 2018?;Preocupação com a situação democrática do país.
Para que serve o Acordo de Eliminação do Roaming (2019)?;Reduzir custos de telefonia móvel entre os países do bloco.
O que é o Acordo de Cooperação Consular (2019)?;Ajuda a nacionais em locais sem representação consular.
Qual o objetivo do Acordo de Intercâmbio de Informação Migratória (2019)?;Melhorar a cooperação migratória entre os países do bloco.
O que simboliza a declaração sobre línguas indígenas (2019)?;Valorização da diversidade cultural e linguística regional.
Por que fortalecer o FOCEM foi uma prioridade?;Para financiar projetos de coesão e desenvolvimento regional.
O que mudou com a adoção do Orçamento MERCOSUL?;Unificou os orçamentos dos principais órgãos do bloco.
Qual foi uma medida para enxugar a burocracia em 2017?;Extinção do cargo de Alto Representante-Geral e redução de foros.
Por que os orçamentos dos órgãos foram reduzidos em 2019?;Para promover eficiência e cortar gastos públicos.
Como a tecnologia foi usada para modernizar o bloco?;Expansão de videoconferências e uso de assinatura digital em documentos.
O que é a PPTB 2019?;Presidência Pro Tempore do Brasil no MERCOSUL, no primeiro ano do governo Bolsonaro.
Por que o governo Bolsonaro foi cético com o MERCOSUL inicialmente?;Por considerar o bloco excessivamente ideologizado no passado.
O que o Brasil buscou com o MERCOSUL em 2019?;Usá-lo como plataforma de inserção competitiva internacional.
Por que a TEC era prioridade no início do governo Bolsonaro?;Para aumentar a competitividade e alinhar o bloco aos padrões internacionais.
Quando a TEC foi finalmente reformada?;Em 2022.
Quais os principais focos da agenda do Brasil no MERCOSUL em 2019?;Reforma da TEC e conclusão do acordo com a União Europeia.
O que foi feito na área econômico-comercial em 2019?;Assinatura de acordos de facilitação de comércio e integração digital.
Para que servem os acordos de operadores econômicos autorizados?;Reconhecimento mútuo para facilitar o comércio seguro.
O que o MERCOSUL avançou no transporte de produtos perigosos em 2019?;Facilitação e regulamentação do transporte no bloco.
Por que o MERCOSUL tratou do certificado de assinatura digital?;Para reconhecimento mútuo e segurança nas operações eletrônicas.
Qual foi o avanço no setor automotivo em 2019?;Novos acordos bilaterais Brasil-Argentina e Brasil-Paraguai.
O que foi modernizado no Protocolo de Montevidéu em 2019?;O anexo sobre serviços financeiros.
Para que serve o contrato entre FOCEM e FONPLATA?;Gerir fundos e financiar projetos de integração.
O que foi feito na política institucional em 2019?;Acordos sobre cooperação policial, fronteiras e saúde.
Por que foi criado um plano de combate à corrupção no MERCOSUL?;Para coordenar ações e aumentar a transparência regional.
Como o MERCOSUL tratou da pandemia na fronteira em 2019?;Realizou vacinação em pontos fronteiriços.
O que foi regulamentado com o Art. 20 do Tratado de Assunção?;Entrada de novos membros depende do cumprimento de compromissos.
Quais instituições do MERCOSUL tiveram novas lideranças em 2019?;ISM e IPPDH.
Qual foi a declaração sobre as missões jesuíticas?;Promoção do caminho histórico-cultural comum na América do Sul.
O que o MERCOSUL concluiu com a EFTA em 2019?;Acordo de Livre Comércio.
Com quais países avançaram negociações extrabloco em 2019?;Canadá, Coreia do Sul, Singapura, Líbano, Israel, Índia.
Que plano foi implementado com a Aliança do Pacífico?;Plano de Ação de Puerto Vallarta.
Qual objetivo da aproximação com América Central e Caribe?;Firmar acordos de livre comércio.
O que foi a PPTP 2020?;Presidência Pro Tempore do Paraguai no MERCOSUL durante a pandemia.
Qual foi o destaque intrabloco em 2020?;Reunião do setor açucareiro após 19 anos.
O que foi feito na revisão da TEC em 2020?;Renovação do mandato para proposta de reforma.
Como o MERCOSUL respondeu à COVID-19 em 2020?;Cooperação comercial e medidas emergenciais.
O que é o CAH-QUOTAS?;Comitê para controle de quotas de importação do bloco.
Qual avanço foi feito no comércio eletrônico?;Elaboração de projeto de Protocolo de Comércio Eletrônico.
Para que serve o Guia de Administração Fiduciária MERCOSUL–FOCEM?;Padroniza gestão de fundos entre MERCOSUL e FONPLATA.
Como foi mantido o diálogo externo durante a pandemia?;Reuniões virtuais com Canadá, Singapura, Líbano e outros.
Com quais novos países o MERCOSUL iniciou diálogo em 2020?;Vietnã e Indonésia.
O que foi aprovado para reuniões decisórias em 2020?;Uso de videoconferência com validade oficial.
Qual ferramenta digital foi institucionalizada em 2020?;Assinatura digital em documentos oficiais.
Qual o fundo destinado ao combate à COVID-19 em 2020?;US$ 6 milhões do FOCEM + US$ 10 milhões em fundo reserva.
Quanto a Fiocruz recebeu do FOCEM em 2020?;US$ 1,3 milhão.
O que foi regulamentado para participação do setor privado?;Procedimento para registro de comentários em reuniões preparatórias.
O que foi a PPTU 2020?;Presidência Pro Tempore do Uruguai no MERCOSUL em 2020.
Por que a revisão da TEC continuou em 2020?;Para atualizar a Tarifa Externa Comum e aumentar competitividade.
O que propôs o Uruguai para o setor automotivo em 2020?;Metodologia para adequação do setor à união aduaneira.
O que ocorreu no Grupo Ad Hoc do Setor Açucareiro em 2020?;Intercâmbio de informações e pontos de vista frutíferos.
Qual acordo de comércio eletrônico foi concluído em 2021?;Acordo do MERCOSUL sobre Comércio Eletrônico.
O que foi lançado em relação a serviços no MERCOSUL em 2020?;VIII Rodada de Negociações para atualizar o Protocolo de Montevidéu.
O que é o SACIM?;Sistema para administrar e controlar quotas de importação do MERCOSUL.
O que avançou no Regime de Origem do MERCOSUL em 2020?;Trabalhos de atualização para facilitar o comércio intrabloco.
Com quais países o MERCOSUL manteve reuniões técnicas em 2020?;Canadá, Líbano, Singapura e Israel.
Como foi a negociação com a Coreia do Sul em 2020?;Flexibilidade e continuidade em formato bilateral e virtual.
Qual projeto recebeu novas extensões orçamentárias no FOCEM?;Projeto de Saúde sobre Biotecnologia para fortalecer combate à COVID-19.
O que foi prorrogada até 2030 no PARLASUL?;Etapa de transição para eleições diretas.
Por que a eleição direta do PARLASUL foi suspensa?;Senado argentino rejeitou Protocolo Adicional que a instituía.
O que foi a PPTA 2021?;Presidência Pro Tempore da Argentina no MERCOSUL em 2021.
Qual aniversário do MERCOSUL foi comemorado em 2021?;30 anos de existência do MERCOSUL.
O que é o Estatuto da Cidadania do MERCOSUL?;Documento que reúne direitos e benefícios dos cidadãos do bloco.
Qual reunião ministerial importante ocorreu em 2021?;I Reunião de Ministros de Infraestrutura para integração regional.
Que obras de infraestrutura foram destacadas em 2021?;Corredor Bioceânico e Hidrovia Paraguai-Paraná.
O que é o Portal América do Sul Aberta?;Ferramenta para coordenar informações sobre trânsito humano na pandemia.
Que declaração foi assinada sobre o tráfico de pessoas?;Declaração dos Ministros do Interior para combater tráfico e migração ilícita.
Qual reunião cultural importante aconteceu em 2021?;XLIX Reunião de Ministros da Cultura e Declaração do MERCOSUL Cultural.
Que recomendação foi aprovada sobre violência de gênero?;Reconhecimento mútuo de medidas de proteção para mulheres em situação de violência.
Qual foi a posição do presidente argentino sobre a TEC em 2021?;Crítica à revisão integral e flexibilização para negociações externas.
Qual a reação do presidente uruguaio à postura argentina?;Insatisfação e proposta formal de flexibilização do MERCOSUL.
O que é a flexibilização no MERCOSUL?;Permitir que países negociem acordos comerciais de forma independente.
Por que a flexibilização é controversa?;Contraria o Tratado de Assunção, que exige negociações conjuntas.
O que foi a 59ª Cúpula do MERCOSUL em 2021?;Reunião de Chefes de Estado e do CMC para avaliar integração e relações externas.
Por que o Brasil encerrou a PPTB em 2021?;Para passar a presidência ao Paraguai.
O que foram as Declarações Presidenciais assinadas?;Cooperação em Defesa, Recuperação Pós-Pandemia e Integração Digital.
Por que o Brasil focou na modernização do MERCOSUL?;Para retomar a vocação econômico-comercial e reduzir burocracia e custos.
Qual o objetivo do Brasil com o MERCOSUL?;Manter compromisso com democracia e gerar resultados concretos para cidadãos.
Que temas receberam atenção especial em 2021?;Saúde e recuperação pós-pandemia.
O que foi o Seminário Técnico sobre Vacinas COVID-19?;Discussão sobre estratégias e expansão da produção regional de vacinas.
Para que serve o Comitê ad hoc criado em 2021?;Promover expansão da capacidade produtiva regional de medicamentos e vacinas.
Quais tecnologias de vacina o MERCOSUL busca desenvolver?;Vacinas de tecnologia m-RNA e outras, com apoio da OMS.
Quais temas econômicos foram trabalhados em 2021?;TEC, regime de origem, comércio de serviços, investimentos e regulamentos técnicos.
Por que o MERCOSUL é chamado de “união aduaneira imperfeita”?;Porque ainda tem exceções e regimes especiais dentro da TEC.
Que regimes especiais foram prorrogados?;Regimes especiais de origem e de importação, como drawback e exceções a TEC.
O que foi aprovado sobre o comércio de serviços?;Emenda ao Protocolo de Montevidéu incluindo serviços postais, telecomunicações.
Que seminários importantes ocorreram em 2021?;Boas Práticas Regulatórias, Sustentabilidade Financeira e MERCOSUL-OCDE.
O que o Comitê Automotivo realizou em 2021?;Três reuniões para avançar na adequação do setor ao MERCOSUL.
O que foi discutido no Grupo Ad Hoc Setor Açucareiro?;Políticas regulatórias domésticas e continuidade dos trabalhos.
Quais avanços ocorreram em educação no MERCOSUL?;Acordos para reconhecimento de diplomas e matrículas temporárias.
O que foi adotado contra a corrupção?;Acordo do MERCOSUL para prevenção e combate à corrupção no comércio e investimentos.
Que campanha contra violência de gênero foi lançada?;“MERCOSUL Livre de Feminicídio”, com apoio de ministros e autoridades de gênero.
Por que o MERCOSUL fortaleceu temas como infraestrutura?;Devido ao esvaziamento da UNASUL e dificuldades do PROSUL.
Que setores de infraestrutura foram destacados?;Corredor Bioceânico, Hidrovia Paraguai Paraná, transporte ferroviário e portuário.
O que foi retomado após 10 anos?;Agenda de integração energética regional.
Quais oportunidades surgem na transição energética?;Investimentos e parcerias em energias limpas e gás natural como combustível de transição.
Qual foi a declaração presidencial importante?;Sobre cooperação em defesa e paz para estabilidade democrática e desenvolvimento.
Qual foi o foco da reforma institucional do MERCOSUL?;Estrutura mais eficiente e enxuta, com economia de recursos.
O que foi a Decisão CMC nº 19/19?;Plano de ação para revisão e otimização da estrutura institucional.
Como o orçamento do MERCOSUL foi ajustado?;Adequação à capacidade contributiva dos Estados e necessidades do processo.
Qual foi o foco das negociações externas em 2021?;Abrir mercados, facilitar importações, modernizar regulamentos e atrair investimentos.
Que acordos comerciais foram retomados?;Com Chile, Colômbia e Peru, com destaque para o livre comércio Paraguai-Chile.
Que novos diálogos comerciais foram iniciados?;Com Equador, Aliança do Pacífico, República Dominicana e El Salvador.
O que foi feito para avançar no acordo MERCOSUL-UE?;Continuaram esforços para superar pendências e assinar o Acordo de Associação.
O que avançou no acordo MERCOSUL-EFTA?;Revisão formal e jurídica para conclusão dos trabalhos técnicos pendentes.
Como foram as negociações com o Canadá em 2021?;Prosseguiram apesar das dificuldades da pandemia de COVID-19.
Qual foi o avanço nas negociações com Singapura?;Realizada a II Rodada de Negociações e reuniões entre negociadores-chefes.
O que se espera para o acordo com o Líbano?;Retomar negociações de livre comércio tão logo possível.
Como avançaram as negociações com a Coreia do Sul?;Realizada a VII Rodada e encontros virtuais posteriores.
Qual o foco das negociações com Coreia e MERCOSUL?;Alcançar resultados equilibrados com acesso tarifário e medidas sanitárias.
Que reuniões foram realizadas com o Egito e SACU?;II Reunião do Comitê Conjunto para monitorar e aprofundar acordos comerciais.
O que ocorreu na reunião com a Índia em 2021?;Interesse em ampliar e aprofundar o Acordo de Comércio Preferencial existente.
Qual foi a novidade nas negociações com a Indonésia?;Conclusão do diálogo exploratório e início das negociações de livre comércio.
O que foi a I Reunião do Comitê MERCOSUL-UEE?;Início do trabalho para fortalecer relações comerciais e possível acordo comercial.
Qual foi o foco do VII Fórum Empresarial do MERCOSUL?;Integração produtiva regional no setor de fármacos e sua importância estratégica.
O que tratou o Seminário MERCOSUL sobre Boas Práticas Regulatórias?;Relação entre boas práticas, comércio internacional e integração regional.
Qual a prioridade da agenda digital do MERCOSUL?;Estabelecer estratégia regional para transformar digitalmente, fortalecer inovação e comércio.
Para que serve o FOCEM?;Promover convergência estrutural, competitividade e coesão social no MERCOSUL.
Qual foi o impasse do Uruguai em 2021?;Não aderiu a comunicado por querer firmar acordos comerciais externos de forma independente.
Por que o Uruguai quer flexibilizar negociações comerciais?;Para poder negociar acordos fora do bloco antes da decisão oficial.
Como o Uruguai avançou comercialmente?;Iniciou negociações com a China para tratado de livre comércio.
O que destacou a Declaração Presidencial sobre recuperação pós-pandemia?;Impacto sem precedentes da COVID-19 e necessidade de resposta conjunta.
O que destacou a Declaração Presidencial sobre integração digital?;Importância da estratégia regional de transformação digital.
Quando e onde ocorreu a LX Cúpula do MERCOSUL?;21 de julho de 2022, em Assunção, Paraguai.
O que marcou a LX Cúpula do MERCOSUL?;Primeiro encontro presencial desde a pandemia e adoção de declarações sobre recuperação e segurança alimentar.
Que temas receberam atenção especial na PPTP 2022?;Saúde, recuperação econômica, infraestrutura, energia e comércio.
Que acordos foram adotados na área de saúde em 2022?;Declarações sobre saúde nas fronteiras, cooperação técnica, controle de tabaco e políticas alimentares.
Que temas econômicos foram foco na PPTP 2022?;Regime de origem, comércio de serviços, setores açucareiro e automotivo, agenda digital.
Como avançaram as negociações com Singapura e Israel?;Prosseguiram negociações de tratado de livre comércio e tratativas bilaterais.
Qual foi o principal resultado na questão tarifária em 2022?;Redução horizontal de 10% na TEC, abrangendo 80% do universo tarifário.
Por que a redução da TEC é importante?;Aproxima tarifas da média internacional, facilita inserção do bloco nas cadeias globais.
Quem apoiou a redução da TEC?;O Brasil, com defesa do presidente Jair Bolsonaro, mesmo à distância.
Quem resistiu inicialmente à redução da TEC?;A Argentina, por medo de perda de competitividade e impacto na indústria local.
A revisão da TEC terminou em 2022?;Não, o Brasil busca novas rodadas de redução, ainda na agenda do MERCOSUL.
O que foi anunciado sobre o acordo MERCOSUL-Singapura?;Conclusão das negociações do primeiro acordo de livre comércio do MERCOSUL com país do Sudeste Asiático.
Por que Singapura é importante para o MERCOSUL?;É um dos principais entrepostos comerciais do mundo, com grande fluxo para o Sudeste Asiático.
Quais temas o tratado MERCOSUL-Singapura aborda?;Tarifas, serviços, investimentos, compras governamentais, propriedade intelectual, medidas sanitárias e governança.
O que ocorre após a conclusão das negociações com Singapura?;Início do processo de revisão legal dos termos do tratado.
Qual o benefício para o MERCOSUL quando o tratado entrar em vigor?;Acesso imediato ao mercado de Singapura.
Quando começaram as negociações com Singapura?;Lançadas em 2018, com seis rodadas a partir de 2019.
Quais os objetivos brasileiros com o acordo com Singapura?;Atrair investimentos, inserir o Brasil em cadeias globais e estreitar relações com países asiáticos.
Qual a estimativa de impacto econômico do acordo (2022-2041)?;Incremento de R$ 28,1 bi no PIB, R$ 21,2 bi em exportações e R$ 11,1 bi em investimentos no Brasil.
Quais os principais produtos exportados pelo MERCOSUL para Singapura?;Carnes, ligas metálicas e minério de ferro.
O que o MERCOSUL importa de Singapura?;Inseticidas, circuitos integrados, medicamentos e embarcações.
Qual a importância das declarações da Cúpula sobre recuperação e segurança alimentar?;Reafirmam o fortalecimento do sistema multilateral de comércio.
O que o Artigo 20 do Acordo sobre Agricultura trata?;Reforma das regras comerciais agrícolas.
O que destacou o Comunicado Conjunto Argentina, Brasil, Paraguai e Bolívia?;Avanço em convênios FOCEM-FONPLATA, regime de origem com Chile e acordos com Colômbia e Peru.
O que envolve o diálogo exploratório com o Equador?;Discussão sobre novo acordo comercial na ALADI.
Qual a posição do MERCOSUL em relação à Aliança do Pacífico?;Desejo de aproximação entre os blocos.
Qual a relevância da Hidrovia Paraguai-Paraná para o MERCOSUL?;Meio importante de integração regional.
Que temas de cooperação jurídica foram reafirmados?;Combate ao tráfico, narcotráfico, crime organizado e cooperação penal.
Qual a posição do MERCOSUL sobre as Ilhas Malvinas?;Apoio ao pleito argentino sobre soberania das ilhas e áreas circundantes.
Qual preocupação sobre energia foi destacada?;Aumento de preços devido ao conflito na Ucrânia.
Quais temas tratou o Subgrupo de Trabalho nº 9 “Energia”?;Mobilidade sustentável e diretrizes para integração energética regional.
Como o MERCOSUL reforçou a cooperação em defesa?;Otimizando padrões de cibersegurança e combatendo crime transnacional.
Que eventos marcaram a agenda de gênero do MERCOSUL?;5º Encontro de Mulheres Empresárias e 3ª Rodada de Negócios da CEMM.
Qual acordo foi firmado sobre proteção a mulheres em situação de violência?;Acordo de Reconhecimento Mútuo de Medidas de Proteção entre Estados Partes e Associados.
Quais temas comuns foram preocupações dos documentos da Cúpula?;Aumento de preços de alimentos, inflação, inserção nas cadeias globais e promoção dos direitos humanos e democracia.
O que destacou o Comunicado Conjunto de Imprensa de Argentina, Brasil, Paraguai e Bolívia?;Atualização do regime de origem, negociações em serviços, esforço do Comitê Automotivo, revisão regulatória pelo BID.
Quais temas internos do MERCOSUL foram mencionados no Comunicado?;Adesão da Bolívia, incorporação do Protocolo de Contratações Públicas, criação do Subgrupo de Infraestrutura e ratificação de certificados digitais.
Que proposta foi mencionada para solucionar controvérsias internas?;Criação de Centro de Arbitragem e Mediação para particulares.
Por que o Uruguai não subscreveu o comunicado em 2021 e 2022?;Defende flexibilização das negociações extrarregionais e atua independentemente.
O que foi a LXI Cúpula de Chefes de Estado do MERCOSUL em 2022?;Encontro em Montevidéu em 6 de dezembro de 2022 que marcou o fim da PPTU e início da PPTA do MERCOSUL.
Por que a ausência do presidente do Brasil na Cúpula foi relevante?;Indicou fragilidade do bloco, já que Jair Bolsonaro não compareceu pela segunda vez consecutiva.
O que substituiu o comunicado conjunto entre Estados Partes?;Comunicado de Imprensa assinado por Argentina, Brasil, Paraguai e Bolívia, sem apoio do Uruguai.
Quais documentos foram assinados na LXI Cúpula com a assinatura uruguaia?;Comunicado Conjunto, Declaração sobre Crime Cibernético e Declaração sobre Cultura.
Quais as três grandes dimensões do Comunicado de Imprensa?;Dimensão econômico-comercial, aspectos institucionais e dimensão cidadã.
Quais crises globais foram destacadas na Cúpula?;Pandemia de COVID-19 e conflito na Ucrânia.
O que foi ressaltado como necessário para o MERCOSUL?;Estabelecer mecanismos para solucionar obstáculos que afetam o comércio entre Estados Partes.
Quais temas principais foram tratados na dimensão econômico-comercial?;TEC, regime de origem, comércio de serviços, setores açucareiro e automotivo, e regulamentos técnicos.
O que é o GAHTEC?;Grupo Ad Hoc que examina consistência e dispersão da TEC.
Quais avanços foram destacados na dimensão econômico-comercial?;Acordos sobre regime de origem, avanços em comércio de serviços e negociações no setor automotivo.
Que seminário importante foi realizado?;Seminário “Indústria Automotiva e Mobilidade Sustentável no MERCOSUL”.
Qual programa de capacitação foi iniciado com o BID?;Programa sobre Análise de Impacto Regulatório.
Quais setores foram foco do IX Fórum Empresarial do MERCOSUL?;Farmacêutico, cinema, audiovisual e agro-sustentabilidade.
O que é o FONPLATA?;Fundo que apoia complementação técnica e financeira para projetos no MERCOSUL.
O que destacou a dimensão institucional na PPTU?;Negociações externas, agenda verde, agenda digital, estrutura institucional, cooperação, infraestrutura e energia.
Qual acordo com país asiático está previsto para assinatura em 2023?;Acordo de Livre Comércio com Singapura.
Qual a preocupação com medidas ambientais no MERCOSUL?;Que legislações ambientais possam virar barreiras comerciais discriminatórias.
Qual bloco foi destacado nas negociações externas?;Acordo de Associação MERCOSUL-União Europeia.
O que é o GAHCDS?;Grupo Ad Hoc sobre Comércio e Desenvolvimento Sustentável.
Quanto foi destinado do FOCEM para sustentabilidade?;US$ 1 milhão para projetos ambientais.
O que é o Plano de Ação MERCOSUL sobre Substâncias Químicas?;Plano para controle de substâncias e produtos químicos perigosos (2021-2024).
Qual evento internacional relacionado ao meio ambiente foi citado?;COP15, que aprovou o Marco da Diversidade Biológica pós-2020.
Que temas a agenda digital do MERCOSUL abordou?;Cibersegurança e assinatura de Memorando de Entendimento sobre o tema.
O que tratou o Subgrupo de Trabalho Nº 14?;Infraestrutura física para integração produtiva e logística.
Que tema foi foco do Subgrupo de Trabalho Nº 9?;Políticas sobre hidrogênio e mobilidade sustentável na energia.
Que seminário energético foi realizado no Cone Sul?;Seminário sobre integração energética com participação da OLADE, CEPAL e BID.
Qual foi uma decisão importante do CMC na PPTU?;Designação da nova diretora executiva do Instituto Social do MERCOSUL.
O que alterou a Decisão CMC Nº 10/22?;Modificou a estrutura do Instituto Social do MERCOSUL.
Que atualização de cooperação internacional foi aprovada?;Atualização das prioridades e renovação de memorandos com OIM, PNUMA e CAF.
Que grupo monitorou a produtividade dos foros do MERCOSUL?;Comissão de Representantes Permanentes do MERCOSUL (CRPM).
Qual iniciativa foi saudada no tema comércio e gênero?;Proposta de selo “Mulher no MERCOSUL” pela Convergência Empresarial de Mulheres.
Quais foram os focos na dimensão cidadã?;Saúde, integração fronteiriça e adesão da Bolívia.
O que é o programa “Saúde em Fronteiras”?;Programa para melhorar vigilância epidemiológica nas zonas de fronteira.
Que plano piloto foi definido para fronteiras?;Mapa de capacidades de vigilância e controle epidemiológico.
Como o MERCOSUL atuou na OMS?;Posicionamento conjunto em discussões sobre prevenção e resposta a pandemias.
Quais avanços houve na capacidade produtiva regional de saúde?;Expansão na produção de medicamentos, imunizantes e tecnologias da saúde.
Que declarações dos Ministros da Saúde foram assinadas?;Sobre vacinação em fronteiras, impacto de plásticos na saúde e registro de doação/transplante (DONASUL).
O que destacou o seminário no SGT Nº 18?;Desafios e oportunidades do Documento de Trânsito Vicinal Fronteiriço (DTVF) para cidades fronteiriças.
Qual acordo de fronteira precisa ser ratificado?;Acordo de Localidades Fronteiriças Vinculadas do MERCOSUL.
O que o MERCOSUL declarou sobre a adesão da Bolívia?;Vontade de avançar no processo para consolidar integração sul-americana.
O que é o Comunicado Conjunto dos Presidentes do MERCOSUL?;Documento que aborda princípios comuns, temas globais e regionais, e atividades da presidência uruguaia.
Por que a democracia e direitos humanos são destacados no Comunicado?;São princípios que unem os países do MERCOSUL.
Qual é o compromisso do MERCOSUL em desarmamento nuclear?;Apoiar o desarmamento e a não proliferação de armas nucleares.
Por que a situação na Ucrânia é mencionada?;Preocupação com os efeitos do conflito na região e no mundo.
Qual é a posição do MERCOSUL sobre comércio multilateral?;Apoio a um sistema de comércio baseado em regras e avanço das negociações agropecuárias.
Como o MERCOSUL contribui para a segurança alimentar global?;Por meio da luta contra a fome e ações conjuntas no bloco.
O que é a Rede de Mediadoras do Cone Sul?;Rede criada em 2021 para avançar a agenda Mulheres, Paz e Segurança.
Qual o papel do MERCOSUL na OMS?;Participação no órgão de negociação intergovernamental sobre saúde global.
Qual compromisso o MERCOSUL tem com a Agenda 2030?;Apoio aos Objetivos de Desenvolvimento Sustentável (ODS) e ao Fundo de Perdas e Danos da COP27.
O que é a Década Internacional das Línguas Indígenas?;Período de 2022 a 2032 para promover línguas indígenas, com apoio do MERCOSUL.
Por que a Hidrovia Paraguai-Paraná é importante?;É estratégica para o desenvolvimento econômico da região.
O que é o Corredor Bioceânico Viário?;Projeto para integração viária entre países do MERCOSUL e Chile.
Qual a importância do Corredor Ferroviário Bioceânico?;Projeto ferroviário para aumentar a integração regional.
Por que a gestão dos recursos hídricos transfronteiriços é destacada?;Necessidade de uso sustentável e coordenado, especialmente da Bacia do Prata.
O que é o Plano de Ação de Puerto Vallarta?;Ação para aproximar MERCOSUL e Aliança do Pacífico.
Por que a participação da sociedade civil é importante?;Para fortalecer o processo de integração regional.
O que é a Rede Latino-Americana de Autoridades Centrais?;Rede criada para facilitar cooperação entre autoridades migratórias.
Por que houve solidariedade ao vice-presidente da Argentina?;Por atentado contra sua vida.
Qual a posição do MERCOSUL sobre as Ilhas Malvinas?;Reafirma o direito argentino sobre a soberania relativa ao território.
O que foi celebrado na Reunião de Ministros sobre Direitos dos Afrodescendentes?;Avanços no Programa do Trabalho 2021-2022 para promoção dos direitos.
Para que serve a Carta de Entendimento entre defensores públicos e autoridades de direitos humanos?;Facilitar cooperação entre órgãos do MERCOSUL para direitos humanos.
Qual tema foi abordado no seminário sobre educação financeira?;Autonomia de famílias em vulnerabilidade social.
O que é o curso “MERCOSUL Social e Agenda 2030”?;Curso para repensar políticas públicas visando inclusão social.
Qual foi o foco do Seminário Internacional sobre transferências monetárias?;Proteção social e desafios das arquiteturas digitais.
Que evento cultural internacional o MERCOSUL participou?;Conferência UNESCO MONDIACULT 2022 sobre políticas culturais e desenvolvimento sustentável.
O que a Declaração Especial Sobre Cultura destaca?;Importância da cultura para desenvolvimento sustentável e apoio às indústrias culturais.
Qual foi a “Declaração de Montevidéu”?;Documento contra o crime organizado transnacional.
Qual tema trata a Declaração Especial Sobre Crime Cibernético?;Necessidade de cooperação para combater crimes cibernéticos transnacionais.
O que é a campanha “MERCOSUL Livre de Tráfico”?;Campanha contra o tráfico de pessoas no bloco.
Qual é o objetivo da iniciativa para assistência consular?;Otimizar ajuda em situações de crise.
Como o MERCOSUL atua contra as drogas?;Promove cooperação internacional e harmonização normativa.
O que é o Grupo de Trabalho sobre Armas de Fogo e Munições?;Grupo que discute controle e regulamentação dessas armas no MERCOSUL.
Por que é importante o Acordo sobre Reconhecimento Mútuo de Medidas de Proteção para Mulheres?;Protege mulheres e pessoas em situação de violência de gênero no MERCOSUL.
O que gerou divergências comerciais na LXI Cúpula?;Pedido do Uruguai para aderir ao CPTPP e negociações isoladas com a China.
Qual é o objetivo da Presidência Pro Tempore Argentina em 2023?;Fortalecer diálogo e integração regional diante dos desafios globais e regionais.
Como a Argentina pretende projetar o MERCOSUL?;Como região única em riquezas, negócios, produção de alimentos e energia, com qualificação da mão de obra.
Que desafios internos a Argentina pretende enfrentar?;União aduaneira, integração física e energética, agenda verde, participação social e fortalecimento institucional.
Qual é a prioridade da agenda externa da Argentina?;Negociações com UE, EFTA, Caribe, Canadá, Indonésia e projeção na África.
O que é o Foro de Consulta e Concertação Política (FCCP)?;Espaço para diálogo político entre Estados Partes e Associados do MERCOSUL.
Quando o FCCP foi criado?;Em dezembro de 1998, pela Decisão CMC Nº 18/98.
Quais países participam do FCCP como Estado Associado?;Bolívia, Chile, Colômbia, Equador, Guiana, Peru e Suriname.
Qual a função do FCCP?;Auxiliar o CMC na coordenação da agenda política e cooperação no MERCOSUL.
Que temas práticos o FCCP aborda?;Mobilidade, seguridade social, programas educativos, reconhecimento de títulos e cooperação cultural e sanitária.
O que foi a Cúpula Social do MERCOSUL de 2023?;Evento virtual organizado pela Argentina para reunir organizações sociais do bloco após 6 anos.
