A Curva de Possibilidades de Produção (CPP) ilustra o problema da escassez.;CERTO
A CPP é traçada sob o pressuposto de que os recursos produtivos e a tecnologia são variáveis.;ERRADO
Um ponto localizado dentro da CPP indica que a economia está utilizando todos os seus recursos de forma eficiente.;ERRADO
Um ponto fora da CPP é inatingível com os recursos e a tecnologia atuais.;CERTO
Ao longo da CPP, para obter mais de um bem, é necessário abrir mão de uma quantidade do outro bem.;CERTO
O custo de oportunidade é a quantidade de um bem que deve ser sacrificada para se obter uma unidade a mais do outro bem.;CERTO
Na CPP apresentada no texto, o custo de oportunidade de produzir B em termos de A é constante.;ERRADO
A lei dos rendimentos decrescentes explica por que a CPP tem formato côncavo (curvada para fora da origem).;ERRADO
Os três fatores de produção clássicos são: recursos naturais, trabalho e capital.;CERTO
Capital, como fator de produção, refere-se estritamente ao dinheiro disponível para iniciar um negócio.;ERRADO
Os três problemas econômicos fundamentais são: O que produzir? Como produzir? Para quem produzir?;CERTO
Numa economia de mercado simplificada, as empresas são proprietárias dos fatores de produção (terra, trabalho e capital).;ERRADO
A remuneração do fator trabalho é denominada salário.;CERTO
A Microeconomia estuda o funcionamento da economia como um todo, incluindo a produção total e o nível geral de preços.;ERRADO
A Macroeconomia estuda o comportamento de mercados específicos, como o de automóveis ou de produtos agrícolas.;ERRADO
;
Variáveis-fluxo são medidas em determinado momento (data), como o estoque de capital.;ERRADO
Salários pagos e exportações são exemplos de variáveis-fluxo.;CERTO
A dívida interna de um país é um exemplo clássico de variável-estoque.;CERTO
O nível de preços de uma economia é uma variável-estoque.;CERTO
A taxa de inflação (variação dos preços) é uma variável-fluxo.;CERTO
O valor do PIB (Produto Interno Bruto) é uma variável-estoque.;ERRADO
Uma variável-estoque (ex: volume de água) pode ser alterada por uma variável-fluxo (ex: vazão).;CERTO
Bens de capital são bens que entram na produção de outros bens e serviços.;CERTO
A Curva de Possibilidade de Produção (CPP) mostra quanto se pode produzir de dois bens com os recursos e tecnologia existentes.;CERTO
Os pontos sobre a CPP representam combinações de produção que utilizam plenamente e de forma eficiente os fatores disponíveis.;CERTO
Uma CPP côncava em relação à origem implica em custo de oportunidade constante.;ERRADO
Se a produção de uma sociedade está em um ponto dentro da CPP, significa que há pleno emprego e eficiência máxima.;ERRADO
Uma CPP côncava em relação à origem reflete custos crescentes de transformação (custo de oportunidade crescente).;CERTO
É possível aumentar simultaneamente a produção de todos os bens se a economia estiver operando sobre sua CPP.;ERRADO
Um deslocamento para fora da CPP pode ser causado por um progresso tecnológico aplicável apenas a um dos bens.;CERTO
Os três problemas econômicos fundamentais são: O que, Como e Para quem produzir.;CERTO
No modelo simplificado, as famílias constituem a demanda no mercado de bens e a oferta no mercado de fatores.;CERTO
População Economicamente Ativa (PEA) inclui apenas as pessoas que estão efetivamente empregadas.;ERRADO
Um ponto fora da Curva de Possibilidades de Produção é inacessível com os recursos e tecnologia atuais.;CERTO
No fluxo circular da renda, o pagamento pela utilização dos recursos produtivos (salários, juros, etc.) constitui a renda das famílias.;CERTO
;
;
No mercado de concorrência perfeita, os vendedores têm o poder de influenciar individualmente o preço de mercado.;ERRADO
Produto homogêneo e grande número de pequenos vendedores são características do mercado de concorrência perfeita.;CERTO
Um mercado com um único vendedor é classificado como monopólio.;CERTO
Um mercado com um único comprador é chamado de oligopsônio.;ERRADO
O mercado de concorrência monopolística se caracteriza pela existência de muitos vendedores e produtos diferenciados.;CERTO
Na classificação apresentada, o oligopólio é um mercado com um pequeno número de vendedores.;CERTO
No monopólio legal, a exclusividade de venda é garantida por lei.;CERTO
Em qualquer estrutura de mercado, o preço é sempre determinado exclusivamente pela interação entre a oferta e a demanda de todos os agentes.;ERRADO
Na concorrência perfeita, a curva de demanda percebida por uma empresa individual é perfeitamente elástica (horizontal).;CERTO
"A expressão ""coeteris paribus"" é usada para analisar o efeito de uma variável, mantendo todas as outras constantes.";CERTO
A função demanda de um bem mostra que a quantidade demandada depende apenas do seu próprio preço.;ERRADO
"De acordo com a ""lei da procura"", a quantidade demandada de um bem varia inversamente ao seu preço, coeteris paribus.";CERTO
"O ""efeito-renda"" e o ""efeito-substituição"" são razões econômicas que justificam o formato descendente da curva de demanda.";CERTO
Um aumento no preço de um bem complementar tende a reduzir a demanda pelo bem em análise.;CERTO
A demanda de mercado é a soma horizontal das quantidades demandadas por todos os consumidores a cada preço.;CERTO
;
;
Bens de Giffen e bens de Veblen são exceções à lei da procura, pois sua demanda aumenta quando o preço sobe.;CERTO
A curva de demanda do mercado é obtida pela soma vertical das curvas de demanda individuais.;ERRADO
A curva de oferta de um bem normalmente tem inclinação positiva (ascendente da esquerda para a direita).;CERTO
No equilíbrio de mercado concorrencial, a quantidade ofertada é igual à quantidade demandada.;CERTO
Se o preço de mercado estiver acima do preço de equilíbrio, ocorre um excedente (excesso de oferta).;CERTO
Um tabelamento governamental que fixe o preço acima do equilíbrio de mercado causará um excedente.;ERRADO
Um aumento na renda do consumidor sempre desloca a curva de demanda de um bem normal para a direita.;CERTO
Para bens normais, um aumento na renda dos consumidores leva a um novo equilíbrio com preço e quantidade maiores.;CERTO
Um deslocamento da curva de oferta para a esquerda, coeteris paribus, leva a um aumento no preço de equilíbrio.;CERTO
Uma inovação tecnológica que reduza custos normalmente desloca a curva de oferta para a direita.;CERTO
"O ""mercado negro"" (ou paralelo) pode surgir como consequência de um tabelamento de preços abaixo do equilíbrio.";CERTO
Bens inferiores são aqueles cujo consumo diminui quando a renda do consumidor aumenta.;CERTO
O preço de equilíbrio de mercado é determinado apenas pela curva de oferta.;ERRADO
Se a demanda por um bem aumentar e a oferta permanecer constante, o preço de equilíbrio aumentará.;CERTO
A escassez no mercado ocorre quando a quantidade demandada é menor que a quantidade ofertada.;ERRADO
;
;
Bens inferiores são aqueles cuja demanda diminui quando a renda do consumidor aumenta.;CERTO
Um aumento na renda dos consumidores desloca a curva de demanda de um bem inferior para a esquerda.;CERTO
Se o bem X e o bem Z são substitutos, um aumento no preço de Z desloca a demanda de X para a direita.;CERTO
Se o bem X e o bem Z são complementares, um aumento no preço de Z desloca a demanda de X para a direita.;ERRADO
Uma campanha publicitária bem-sucedida que aumente a preferência por um bem desloca sua curva de demanda para a direita.;CERTO
Um aumento no preço de um insumo utilizado na produção do bem X desloca sua curva de oferta para a direita.;ERRADO
Uma inovação tecnológica que reduza custos de produção desloca a curva de oferta para a direita.;CERTO
A entrada de novas empresas no mercado de um bem desloca sua curva de oferta para a esquerda.;ERRADO
Se a oferta de um bem diminuir (curva desloca para a esquerda), o novo equilíbrio terá preço mais alto e quantidade menor.;CERTO
Uma mudança no preço do próprio bem causa um deslocamento de sua curva de demanda.;ERRADO
Um movimento ao longo da curva de demanda é chamado de variação na quantidade demandada.;CERTO
Um deslocamento da curva de demanda é chamado de variação na demanda.;CERTO
Se a demanda por um bem diminuir, o novo equilíbrio sempre terá um preço mais baixo e uma quantidade menor.;CERTO
Bens independentes são aqueles cujas demandas não são afetadas por mudanças no preço um do outro.;CERTO
A lei da demanda (relação inversa entre preço e quantidade) permanece válida mesmo quando a curva de demanda inteira se desloca.;CERTO
;
;
;
Um mercado com muitos produtores e poucos compradores é classificado como oligopsônio.;CERTO
Oligopólio é uma estrutura de mercado caracterizada por um grande número de pequenas firmas que vendem produtos diferenciados.;ERRADO
A definição de um mercado de concorrência monopolística inclui muitos vendedores e produtos diferenciados.;CERTO
A indústria automobilística é um exemplo clássico de oligopólio.;CERTO
A quantidade ofertada de um bem é um determinante direto da procura individual por esse bem.;ERRADO
Uma curva de oferta típica mostra que, coeteris paribus, quanto maior o preço, maior a quantidade ofertada.;CERTO
No equilíbrio de mercado concorrencial, o preço harmoniza os interesses de produtores e consumidores (quantidades ofertadas e demandadas são iguais).;CERTO
Para encontrar a quantidade de equilíbrio, basta igualar as funções de oferta (QS) e demanda (QD) e resolver para Q.;CERTO
Se o governo tabela um preço abaixo do equilíbrio, a quantidade demandada será maior que a ofertada, causando escassez.;CERTO
Se dois bens são substitutos, um aumento no preço de um desloca a demanda do outro para a direita.;CERTO
Se dois bens são complementares, uma redução no preço de um desloca a demanda do outro para a direita.;CERTO
Um aumento na renda desloca a curva de demanda de um bem normal para a direita.;CERTO
Um deslocamento para a direita da curva de oferta pode ser causado por um aumento de produtividade ou redução de impostos.;CERTO
Na função de demanda Q = a - bP, um aumento na renda dos consumidores (para um bem normal) aumenta o parâmetro 'a', deslocando a curva para a direita.;CERTO
Em concorrência perfeita, se o preço de mercado está acima do equilíbrio, há um excedente (excesso de oferta) e o preço tende a cair.;CERTO
Um aumento simultâneo no custo dos insumos (que desloca oferta para esquerda) e no número de produtores (que desloca oferta para direita) não garante que a oferta final se desloque para a direita.;CERTO
A análise do diagrama de equilíbrio de mercado de um bem não permite, por si só, concluir se o mercado é de concorrência perfeita.;CERTO
Um bem de Giffen é um tipo específico de bem inferior, mas nem todo bem inferior é um bem de Giffen.;CERTO
Na função demanda Dx = Y^(1/3) * Pz^(-1/4) * Px^(-2), o bem Z é complementar ao bem X.;CERTO
Na mesma função, se a renda (Y) diminuir, a demanda Dx diminuirá (pois o expoente de Y é positivo).;CERTO
;
Elasticidade-preço da demanda mede a sensibilidade da quantidade demandada a mudanças no próprio preço do bem.;CERTO
Se o valor absoluto do coeficiente de elasticidade-preço da demanda (Epd) for maior que 1, a demanda é considerada inelástica.;ERRADO
Bens essenciais e com poucos substitutos tendem a ter demanda mais elástica em relação ao preço.;ERRADO
Quanto maior o peso do bem no orçamento do consumidor, mais elástica tende a ser sua demanda.;CERTO
Para uma demanda elástica, um aumento de preço leva a uma redução da receita total dos vendedores.;CERTO
Para uma demanda inelástica, um aumento de preço leva a um aumento da receita total dos vendedores.;CERTO
Se a demanda tem elasticidade unitária, a receita total permanece inalterada quando o preço muda.;CERTO
O cálculo da elasticidade-preço no arco usa a média dos preços e quantidades para evitar resultados diferentes dependendo do ponto de partida.;CERTO
Uma curva de demanda linear tem elasticidade-preço constante ao longo de toda a sua extensão.;ERRADO
A demanda perfeitamente inelástica é representada por uma linha vertical no gráfico preço-quantidade.;CERTO
A elasticidade-renda da demanda (ER) mede a sensibilidade da quantidade demandada a mudanças na renda do consumidor.;CERTO
Um bem é considerado inferior se sua elasticidade-renda da demanda for negativa.;CERTO
Um bem é considerado superior (ou de luxo) se sua elasticidade-renda da demanda for maior que 1.;CERTO
A Lei de Engel afirma que, à medida que a renda aumenta, a participação da despesa com alimentos no orçamento familiar aumenta.;ERRADO
A elasticidade-cruzada da demanda mede a sensibilidade da demanda de um bem a mudanças no preço de outro bem.;CERTO
Se a elasticidade-cruzada entre dois bens é positiva, eles são bens complementares.;ERRADO
Se a elasticidade-cruzada entre dois bens é negativa, eles são bens substitutos.;ERRADO
A elasticidade-preço da oferta (Epo) mede a sensibilidade da quantidade ofertada a mudanças no preço do bem.;CERTO
A imposição de um imposto específico sobre vendas em um mercado competitivo desloca a curva de oferta para a esquerda.;CERTO
O ônus de um imposto (quem o paga efetivamente) é repartido entre consumidores e produtores, independentemente de quem é o contribuinte legal.;CERTO
;
A ordenação de preferências do consumidor exige que ele possa comparar e classificar todas as cestas possíveis de bens.;CERTO
Se um consumidor prefere a cesta A à B e a B à C, então ele prefere a cesta A à C. Este é o princípio da transitividade.;CERTO
O princípio da não saciedade (quanto mais, melhor) implica que uma cesta com mais de um bem e menos de outro é sempre preferível.;ERRADO
Curvas de indiferença representam combinações de bens que fornecem diferentes níveis de satisfação ao consumidor.;ERRADO
Curvas de indiferença mais altas (mais à direita) representam níveis de satisfação maiores.;CERTO
Curvas de indiferença podem se cruzar, desde que representem preferências transitivas.;ERRADO
A inclinação negativa de uma curva de indiferença reflete a Taxa Marginal de Substituição (TMS).;CERTO
A TMS é geralmente decrescente porque o consumidor está disposto a abrir mão de cada vez menos de um bem para obter mais do outro.;CERTO
A função utilidade atribui um valor numérico a cada cesta de bens, onde números maiores indicam maior preferência.;CERTO
A restrição orçamentária mostra todas as combinações de bens que custam exatamente a renda do consumidor.;CERTO
A inclinação da linha orçamentária é dada pela razão entre os preços dos dois bens (Px/Py).;CERTO
Um aumento na renda do consumidor desloca a linha orçamentária paralelamente para fora (para a direita).;CERTO
O ponto de equilíbrio do consumidor ocorre onde a linha orçamentária é tangente à curva de indiferença mais alta possível.;CERTO
No equilíbrio, a Taxa Marginal de Substituição (TMS) é igual à razão entre os preços dos bens (Px/Py).;CERTO
O efeito total de uma mudança de preço na quantidade demandada pode ser decomposto em efeito-substituição e efeito-renda.;CERTO
O efeito-substituição resulta da mudança no preço relativo dos bens, mantendo o nível de satisfação constante.;CERTO
O efeito-renda resulta da mudança no poder de compra do consumidor devido à alteração do preço.;CERTO
Para um bem normal, tanto o efeito-substituição quanto o efeito-renda reforçam o movimento de quantidade oposto à mudança de preço.;CERTO
Para um bem inferior, o efeito-renda age em direção oposta ao efeito-substituição.;CERTO
Um bem de Giffen é um tipo especial de bem inferior onde o efeito-renda supera o efeito-substituição, resultando em uma curva de demanda positivamente inclinada.;CERTO
;
;
Bens complementares perfeitos são consumidos em proporções fixas, como sapatos direitos e esquerdos.;CERTO
As curvas de indiferença para bens complementares perfeitos são linhas retas convexas e suaves.;ERRADO
O princípio da não saciedade (quanto mais, melhor) se aplica plenamente aos bens complementares perfeitos.;ERRADO
O excedente do consumidor é a diferença entre o preço máximo que ele está disposto a pagar e o preço de mercado efetivamente pago.;CERTO
O excedente do consumidor total pode ser representado graficamente pela área abaixo da curva de demanda e acima do preço de mercado.;CERTO
Uma propriedade fundamental das curvas de indiferença é que elas nunca se cruzam.;CERTO
A convexidade das curvas de indiferença implica uma Taxa Marginal de Substituição (TMS) decrescente.;CERTO
A Taxa Marginal de Substituição (TMS) entre dois bens é dada pela razão de suas utilidades marginais.;CERTO
O efeito total de uma mudança de preço é composto pelo efeito-substituição e pelo efeito-renda.;CERTO
Para um bem normal, o efeito-substituição e o efeito-renda reforçam-se mutuamente após uma queda de preço, levando a um aumento na quantidade demandada.;CERTO
A inclinação negativa da curva de demanda para bens normais ocorre porque tanto o efeito-substituição quanto o efeito-renda são negativos em resposta a um aumento de preço.;CERTO
Para um bem de Giffen, um aumento no preço leva a um aumento na quantidade demandada.;CERTO
No ponto de escolha ótima do consumidor, a inclinação da curva de indiferença (TMS) é igual à inclinação da restrição orçamentária (razão de preços).;CERTO
Um aumento proporcional nos preços de ambos os bens e na renda do consumidor não altera a cesta de consumo ótima.;ERRADO
A inclinação da linha orçamentária é determinada apenas pela razão entre os preços dos bens.;CERTO
A Curva de Engel mostra a relação entre a renda do consumidor e a quantidade demandada de um bem, mantendo os preços constantes.;CERTO
A Curva de Engel sempre tem inclinação positiva.;ERRADO
Para bens de Giffen, o valor absoluto do efeito-renda supera o valor absoluto do efeito-substituição.;CERTO
Quando a Taxa Marginal de Substituição (TMS) é constante, os bens são substitutos perfeitos, e não complementares perfeitos.;CERTO
;
;
No curto prazo, pelo menos um fator de produção é considerado fixo.;CERTO
A Lei dos Rendimentos Decrescentes afirma que os acréscimos na produção serão sempre decrescentes desde o primeiro fator variável adicionado.;ERRADO
Quando a Produtividade Marginal (PMg) é maior que a Produtividade Média (PMe), a PMe é crescente.;CERTO
A Produtividade Média (PMe) atinge seu máximo no ponto onde é igual à Produtividade Marginal (PMg).;CERTO
Rendimentos crescentes de escala ocorrem quando a produção aumenta numa proporção maior que o aumento dos fatores.;CERTO
No curto prazo, o Custo Total (CT) é a soma do Custo Fixo (CF) e do Custo Variável (CV).;CERTO
O Custo Fixo Médio (CFme) é constante, independente do nível de produção.;ERRADO
O Custo Variável Médio (CVme) e o Custo Marginal (CMg) têm comportamento inverso à Produtividade Média (PMe) e Marginal (PMg) do fator variável.;CERTO
A curva de Custo Marginal (CMg) intercepta as curvas de Custo Variável Médio (CVme) e Custo Médio (Cme) em seus pontos de mínimo.;CERTO
Enquanto o Custo Marginal (CMg) for menor que o Custo Médio (Cme), ele puxa o Cme para baixo.;CERTO
Em concorrência perfeita, a curva de demanda percebida pela empresa individual é perfeitamente elástica (horizontal) ao preço de mercado.;CERTO
A condição para maximização de lucro de uma empresa é produzir onde a Receita Marginal (RMg) seja igual ao Custo Marginal (CMg).;CERTO
Para uma empresa em concorrência perfeita, a Receita Marginal (RMg) é igual ao preço de mercado (P).;CERTO
Uma empresa em concorrência perfeita deve parar de produzir no curto prazo se o preço de mercado for menor que o Custo Variável Médio (CVme).;CERTO
No longo prazo em concorrência perfeita, o preço tende a se igualar ao Custo Médio mínimo, resultando em lucro normal.;CERTO
Em um monopólio, a curva de demanda da empresa é a própria curva de demanda de mercado, com inclinação negativa.;CERTO
Para um monopolista, a Receita Marginal (RMg) é sempre menor que o preço (P).;CERTO
Um monopolista pode obter lucros extraordinários tanto no curto quanto no longo prazo devido às barreiras à entrada.;CERTO
O excedente do produtor é a diferença entre a Receita Total e o Custo Variável Total.;CERTO
No monopólio, a quantidade de equilíbrio que maximiza o lucro é menor e o preço é maior em comparação com um mercado competitivo com os mesmos custos.;CERTO
;
;
Uma crítica à teoria marginalista é que, na prática, muitas empresas não calculam o custo marginal para tomar decisões de produção.;CERTO
A abordagem alternativa de custos supõe que, num intervalo de produção relevante, o custo variável médio é crescente.;ERRADO
Na abordagem do mark up, os custos totais são divididos em custos variáveis (proporcionais à produção) e custos fixos (constantes).;CERTO
O ponto de equilíbrio (break-even point) é o nível de produção onde a Receita Total é igual ao Custo Total (lucro zero).;CERTO
Para que exista um ponto de equilíbrio, o preço de venda deve ser maior que o custo variável médio.;CERTO
A Margem de Contribuição Unitária (MCu) é calculada como o preço de venda menos o custo fixo médio.;ERRADO
Em um mercado competitivo onde a empresa é price taker, ela tem o incentivo de expandir a produção ao máximo para aumentar o lucro, dentro de sua capacidade.;CERTO
A fixação de preços pelo critério do mark up consiste em adicionar uma porcentagem ao custo variável médio para determinar o preço de venda.;CERTO
Dois fatores que influenciam a porcentagem do mark up são o volume de custos fixos e a elasticidade-preço da demanda do produto.;CERTO
Quanto mais inelástica for a demanda do produto, menor tende a ser a porcentagem de mark up que a empresa pode aplicar.;ERRADO
Na abordagem alternativa, o custo variável total é representado graficamente por uma linha reta que parte da origem.;CERTO
Na abordagem alternativa, o custo marginal é constante e igual ao custo variável médio.;CERTO
O modelo do ponto de equilíbrio (break-even) é mais adequado para analisar uma empresa nova em um mercado competitivo do que o modelo de concorrência perfeita puro.;CERTO
Um imposto fixo (lump-sum) sobre um monopolista que usa a abordagem marginalista faria com que ele reduzisse a produção e aumentasse o preço.;ERRADO
Um imposto fixo (lump-sum) sobre um monopolista que fixa preços por mark up e enfrenta demanda elástica provavelmente não seria repassado integralmente ao preço.;CERTO
;
;
A Contabilidade Nacional é o ramo da Macroeconomia que mede a atividade econômica de um país como um todo.;CERTO
Os principais agentes econômicos considerados na Contabilidade Nacional são Empresas, Famílias, Governo e Resto do Mundo.;CERTO
O Produto corresponde ao valor total de bens e serviços intermediários produzidos pela sociedade em um período.;ERRADO
Uma identidade fundamental da Contabilidade Nacional é que o Produto é igual à Renda, que é igual à Despesa.;CERTO
Bens e serviços finais são aqueles adquiridos por usuários finais (como famílias) e não utilizados como insumos para produzir outros bens.;CERTO
O Valor Agregado de uma empresa é calculado como o valor de sua produção menos o valor de suas compras de bens intermediários.;CERTO
Se a produção de um período for maior que as vendas, há uma variação positiva de estoques, que é considerada parte do investimento total.;CERTO
O Investimento Bruto representa o acréscimo total ao estoque de capital, sem considerar o desgaste dos bens de capital existentes.;CERTO
A Depreciação é o desgaste físico ou obsolescência do estoque de capital existente durante o período produtivo.;CERTO
O Investimento Líquido é igual ao Investimento Bruto mais a Depreciação.;ERRADO
Em uma economia fechada e sem governo, a identidade contábil entre Poupança (S) e Investimento Total (I) sempre se mantém.;CERTO
O Produto Interno Bruto (PIB) mede o valor da produção de bens e serviços finais dentro das fronteiras de um país, incluindo a depreciação.;CERTO
O Produto Nacional Bruto (PNB) mede o valor da produção de bens e serviços finais por fatores de produção de propriedade de residentes, incluindo a depreciação.;CERTO
Para calcular o Produto Nacional a partir do Produto Interno, deve-se subtrair a Renda Líquida Enviada ao Exterior.;CERTO
O Produto a Preços de Mercado (pm) é igual ao Produto a Custo de Fatores (cf) mais Impostos Indiretos menos Subsídios.;CERTO
Impostos indiretos (como ICMS, IPI) aumentam o preço de mercado dos bens em relação ao custo de fatores.;CERTO
Subsídios governamentais às empresas atuam como impostos indiretos negativos, reduzindo o preço de mercado em relação ao custo de fatores.;CERTO
O Produto Interno Líquido (PIL) é igual ao Produto Interno Bruto (PIB) menos a Depreciação.;CERTO
Lucros não distribuídos pelas empresas não fazem parte da renda apropriada pelas famílias.;ERRADO
A Poupança das famílias, os lucros retidos das empresas e a depreciação são fontes de financiamento para os investimentos na economia.;CERTO
;
O Produto Interno Bruto a preços de mercado (PIBpm) mede o valor da produção de bens e serviços finais dentro das fronteiras do país, incluindo impostos indiretos e subsídios.;CERTO
Para calcular o Produto Interno a custo de fatores (PIBcf), subtrai-se a depreciação do Produto Interno Bruto a preços de mercado (PIBpm).;ERRADO
O Produto Interno Líquido a custo de fatores (PILcf) é igual ao Produto Interno Bruto a custo de fatores (PIBcf) menos a depreciação.;CERTO
A Renda Nacional Líquida a custo de fatores (RNLcf) é a soma das remunerações pagas aos fatores de produção de residentes no país, excluindo a depreciação.;CERTO
A Renda Pessoal Disponível é a renda que as famílias efetivamente têm à disposição para consumir ou poupar, após impostos diretos e transferências.;CERTO
O índice de Carga Tributária Bruta é calculado como o total da receita tributária do governo dividido pelo PIBpm.;CERTO
O Produto Nominal pode aumentar devido a um aumento nos preços, nas quantidades produzidas, ou em ambos.;CERTO
O Produto Real é calculado utilizando preços constantes de um ano-base para eliminar o efeito da inflação.;CERTO
Na Contabilidade Nacional, o método das partidas dobradas garante que o total de débitos em todas as contas seja igual ao total de créditos.;CERTO
A identidade fundamental da Contabilidade Nacional (Produto = Renda = Despesa) vale para cada um dos diferentes conceitos de produto (bruto/líquido, interno/nacional, etc.).;CERTO
As exportações de bens e serviços são registradas como um crédito na Conta de Produção do país.;CERTO
As importações de bens e serviços aparecem como um uso (débito) na Conta de Produção, reduzindo o valor da demanda final interna.;CERTO
A Poupança Externa positiva para o resto do mundo corresponde a um déficit nas transações correntes do país.;CERTO
A Poupança Interna Bruta é a soma da Poupança Bruta do Setor Privado e da Poupança do Governo.;CERTO
Na identidade contábil básica, o Produto Interno Bruto (PIB) é igual ao Consumo (C) + Investimento (I) + Gastos do Governo (G) + Exportações Líquidas (X - M).;CERTO
As transferências unilaterais (como doações internacionais) são incluídas no cálculo da Renda Nacional Bruta.;ERRADO
A Renda Disponível Bruta da economia é a Renda Nacional Bruta mais as transferências líquidas recebidas do resto do mundo.;CERTO
A capacidade líquida de financiamento de um país indica que sua poupança interna foi maior que seu investimento interno, gerando um superávit em conta corrente.;ERRADO
O Excedente Operacional Bruto na metodologia da FIBGE corresponde aproximadamente à soma dos lucros e da renda mista das empresas.;CERTO
"As novas Contas Econômicas Integradas (CEI) da FIBGE apresentam os dados em colunas de ""Usos"" e ""Recursos"", em vez de ""Débito"" e ""Crédito"".";CERTO
;
;
;
O cálculo da Renda Nacional Bruta inclui a renda líquida recebida do exterior (rendas de propriedade e de empregados).;CERTO
As atividades produtivas do governo (como educação, segurança) não são incluídas no cálculo do Produto Interno Bruto (PIB).;ERRADO
O valor adicionado pelo governo ao PIB corresponde aproximadamente ao total dos salários pagos aos seus funcionários.;CERTO
O Investimento Público (aquisição de bens de capital pelo governo) faz parte da Formação Bruta de Capital Fixo da economia.;CERTO
O Déficit Público total é igual ao Investimento Público menos a Poupança Corrente do Governo.;CERTO
Na identidade contábil, o Déficit Público é financiado pelo excesso da poupança privada sobre o investimento privado e pela poupança externa.;CERTO
O Índice de Preços de Laspeyres usa como ponderação as quantidades do período base (período 0).;CERTO
O Índice de Preços de Paasche usa como ponderação as quantidades do período atual (período 1).;CERTO
O Índice de Quantidades de Laspeyres pondera as quantidades pelos preços do período base.;CERTO
O Índice de Quantidades de Paasche pondera as quantidades pelos preços do período atual.;CERTO
"Na nova metodologia das Contas Nacionais da FIBGE (a partir de 1996), as contas são apresentadas em colunas de ""Usos"" e ""Recursos"".";CERTO
"Na Conta de Bens e Serviços da nova metodologia, o lado dos ""Recursos"" inclui a Produção, as Importações e os Impostos sobre produtos.";CERTO
Na nova metodologia, a Renda Disponível Bruta é utilizada para Consumo Final e Poupança Bruta.;CERTO
A capacidade líquida de financiamento de um país na Conta de Capital indica que sua Poupança Bruta foi maior que seu Investimento Bruto.;CERTO
O Saldo Externo Corrente positivo (superávit) na Conta do Resto do Mundo corresponde a uma Poupança Externa negativa para o país.;ERRADO
O Excedente Operacional Bruto na nova metodologia corresponde aproximadamente à soma dos lucros brutos e da renda mista.;CERTO
A Renda Nacional Bruta é igual ao Produto Interno Bruto mais a Renda Líquida Recebida do Exterior.;CERTO
O Consumo Intermediário é a soma do valor das compras de bens e serviços usados como insumos na produção.;CERTO
A Variação de Estoques é considerada um componente do Investimento (Formação Bruta de Capital) na Contabilidade Nacional.;CERTO
A Poupança Bruta na economia é igual à Renda Disponível Bruta menos o Consumo Final.;CERTO
;
;
No Balanço de Pagamentos, transações que resultam em entrada de divisas são registradas com sinal positivo.;Certo
O Balanço de Pagamentos é sempre expresso na moeda local do país para facilitar a análise interna.;Errado
A estrutura do Balanço de Pagamentos inclui o Balanço Comercial, o Balanço de Serviços e as Transferências Unilaterais, que juntos formam o Balanço de Transações Correntes.;Certo
O Balanço de Serviços registra apenas a compra e venda de serviços, excluindo pagamentos de juros e remessas de lucros.;Errado
As Transferências Unilaterais são registradas no Balanço de Pagamentos como transações que têm uma contrapartida de compra ou venda de bens ou serviços.;Errado
O Saldo do Balanço de Pagamentos é obtido pela soma dos saldos do Balanço de Transações Correntes, do Balanço de Capitais Autônomos e de Erros e Omissões.;Certo
Um superávit no Balanço Comercial significa que as exportações de mercadorias do país foram menores que suas importações.;Errado
"A rubrica ""Erros e Omissões"" no BP é usada para corrigir discrepâncias de contabilização e deve sempre ser um valor significativo.";Errado
O Balanço de Capitais Compensatórios registra a variação das reservas internacionais e empréstimos do FMI, e seu saldo é simétrico ao saldo do Balanço de Pagamentos.;Certo
Um déficit no Balanço de Transações Correntes significa que o país comprou mais bens e serviços do exterior do que vendeu, aumentando seu Passivo Externo Líquido.;Certo
Um superávit no Balanço de Transações Correntes representa uma diminuição das obrigações do país com o exterior (Passivo Externo Líquido).;Certo
A Transferência Líquida de Recursos (TLR) é calculada pela diferença entre as exportações e importações de bens e serviços, incluindo serviços de fatores.;Errado
O Passivo Externo Líquido é definido pela soma do Ativo Externo com o Passivo Externo do país.;Errado
Na contabilização do BP, um recebimento à vista de uma exportação é registrado como um crédito na conta de Reservas Internacionais.;Certo
A Poupança Externa de um país é equivalente ao superávit do Balanço de Transações Correntes do resto do mundo.;Certo
;
;
Uma exportação a prazo registrada no Balanço de Pagamentos representa um financiamento concedido pelo país ao resto do mundo.;Certo
"Um investimento recebido do exterior sem cobertura cambial é registrado como um crédito em ""Reservas Internacionais"" e um débito em ""Investimentos Recebidos"".";Errado
"O recebimento de uma doação internacional em forma de mercadorias é contabilizado como um crédito em ""Donativos"" e um débito em ""Importação de Mercadorias"".";Certo
"O reinvestimento de lucros por um residente no exterior é registrado como um crédito em ""Lucros"" (na Conta Corrente) e um débito em ""Investimentos Efetuados no Exterior"".";Errado
"O refinanciamento de juros, incorporando-os ao valor do empréstimo, é registrado como um crédito em ""Juros"" e um débito em ""Empréstimos Recebidos"".";Certo
No novo critério de apresentação do BP (pós-2001), os empréstimos do FMI passaram a ser classificados no Balanço de Capitais Compensatórios, junto com a variação das reservas.;Errado
"A ""Conta Capital"" na nova estrutura do BP registra o fluxo de empréstimos e investimentos entre residentes e não-residentes.";Errado
Taxa de câmbio é o preço da moeda estrangeira em termos da moeda nacional, ou vice-versa.;Certo
No Brasil, utiliza-se a convenção do incerto, onde um aumento da taxa de câmbio significa que a moeda nacional se valorizou.;Errado
Em um regime de taxas de câmbio flutuantes, o valor da taxa é determinado livremente pela interação de oferta e demanda no mercado de divisas.;Certo
A demanda por divisas aumenta quando o produto interno (Y) do país diminui, coeteris paribus.;Errado
Um aumento na taxa de juros interna, coeteris paribus, tende a estimular a entrada de capitais e, portanto, aumentar a oferta de divisas.;Certo
Em um regime de câmbio flutuante, um aumento da taxa de câmbio (na cotação do incerto) é chamado de apreciação da moeda nacional.;Errado
Em um regime de taxas de câmbio flutuantes, o saldo do Balanço de Pagamentos ajusta-se automaticamente, sem necessidade de alteração das reservas internacionais.;Certo
Sob um regime de taxas de câmbio fixas, o Banco Central se compromete a comprar e vender divisas ao preço por ele tabelado.;Certo
Uma desvalorização da taxa de câmbio fixa significa que a moeda nacional ganhou valor em relação à moeda estrangeira.;Errado
Para um país grande no comércio internacional, a condição de Marshall-Lerner para uma desvalorização melhorar a balança comercial é que a elasticidade-preço da demanda por suas exportações seja maior que 1.;Certo
A principal vantagem do sistema de taxas de câmbio fixas é a segurança e a estabilidade que proporciona aos agentes econômicos.;Certo
Uma desvantagem do sistema de câmbio fixo é que o Banco Central abdica do controle da oferta monetária para manter a estabilidade cambial.;Certo
No padrão-ouro (gold standard), o valor da moeda nacional era definido por uma quantidade fixa de uma moeda estrangeira forte, como o dólar.;Errado
A relação de troca mede o poder aquisitivo das exportações de um país, sendo a razão entre o índice de preços das exportações e o índice de preços das importações.;Certo
Uma melhora na relação de troca significa que, para um mesmo volume físico de exportações, o país pode adquirir um volume menor de importações.;Errado
A taxa de câmbio real reflete a razão entre o preço dos produtos estrangeiros (em moeda nacional) e o preço dos produtos nacionais.;Certo
A fórmula da taxa de câmbio real é: (Taxa de Câmbio Nominal x Preço do produto nacional) / Preço do produto estrangeiro.;Errado
;
Para calcular o saldo da Balança Comercial, usa-se o valor FOB das importações.;Certo
O pagamento de juros da dívida externa é registrado no Balanço de Capitais Autônomos.;Errado
A amortização de empréstimos externos é classificada como movimento de capitais autônomos.;Certo
Os fluxos de entrada de capital estão incluídos na Conta Corrente do balanço de pagamentos.;Errado
O déficit no saldo de transações correntes implica necessariamente um déficit no saldo total do balanço de pagamentos.;Errado
Um superávit no saldo total do BP, com déficit em transações correntes, implica que o movimento de capitais autônomos supera o déficit corrente.;Certo
A soma dos saldos do movimento de capitais autônomos e compensatórios iguala, com sinal trocado, o saldo de transações correntes (ignorando erros e omissões).;Certo
O saldo de transações correntes, se positivo (superávit), implica uma redução do endividamento externo bruto do país.;Errado
Um déficit no balanço de transações correntes significa que a poupança interna é menor que o investimento interno.;Certo
"A ""transferência líquida de recursos para o exterior"" é igual ao excesso de exportações de bens e serviços não-fatores sobre as importações de bens e serviços não-fatores.";Certo
Uma desvalorização cambial desincentiva a exportação de bens e serviços nacionais.;Errado
Num regime de taxas fixas de câmbio, o governo pode usar a política de desvalorização da moeda nacional para aumentar as exportações e diminuir as importações.;Certo
No regime de taxas fixas de câmbio, há um equilíbrio automático no balanço de pagamentos do país.;Errado
Se a inflação interna é maior que a externa em um regime de câmbio flutuante, a taxa de câmbio tende a aumentar (moeda nacional se deprecia).;Certo
Na ausência de intervenção do Banco Central, um déficit no BP tende a reduzir o preço da moeda estrangeira em termos da moeda nacional.;Errado
O sistema de taxas fixas de câmbio se ajusta automaticamente a ganhos ou perdas duradouras de produtividade de um país em relação aos seus parceiros.;Errado
Uma desvalorização cambial sempre melhora o saldo do balanço de pagamentos, independentemente da elasticidade da demanda por exportações e importações.;Errado
Se os preços (em divisa) dos produtos exportados crescem mais que os preços das importações, a relação de trocas do país piora.;Errado
Uma economia com PIB maior que o PNB necessariamente está remetendo mais rendimentos para o exterior do que recebendo.;Certo
"A partir de 2001, o Banco Central do Brasil introduziu a ""Conta Financeira"" no BP, substituindo a antiga conta de capitais autônomos.";Certo
;
O escambo, troca direta de mercadorias, era a forma predominante de comércio nas sociedades primitivas.;Certo
A moeda surgiu porque a troca direta sempre atendia perfeitamente às necessidades de todos os indivíduos em uma sociedade complexa.;Errado
Moedas-mercadorias eram bens com valor de uso, e os metais passaram a predominar devido a características como homogeneidade e indestrutibilidade.;Certo
A principal razão para a adoção de metais nobres (ouro e prata) como moeda foi sua abundância na natureza, o que facilitava a emissão.;Errado
A moeda-papel surgiu de certificados de depósito emitidos por casas de custódia e era lastreada integralmente em metal precioso.;Certo
O papel-moeda moderno (moeda fiduciária) mantém seu valor porque é lastreado integralmente pelas reservas de ouro do Estado.;Errado
Para que a moeda fiduciária exerça sua função de intermediária de trocas, basta que tenha aceitação geral na sociedade.;Certo
A moeda bancária ou escritural é representada pelos próprios cheques emitidos pelo público.;Errado
As três funções principais da moeda são: intermediária das trocas, unidade de conta e reserva de valor.;Certo
A moeda, enquanto ativo financeiro, rende juros para seu detentor.;Errado
Os meios de pagamento (M1) são definidos como a soma do papel-moeda em poder do público com os depósitos à vista nos bancos comerciais.;Certo
"O caixa em moeda corrente mantido pelos bancos comerciais faz parte do conceito de ""papel-moeda em poder do público"".";Errado
A oferta monetária é sinônimo do total dos meios de pagamento (M1) na economia.;Certo
Ativos como depósitos de poupança e títulos públicos são exemplos de quase-moeda, pois possuem liquidez imediata.;Errado
Há criação de moeda (M1) quando um indivíduo transfere recursos de sua conta poupança para sua conta corrente.;Certo
Quando um banco comercial desconta uma duplicata para uma empresa, creditando valor em sua conta, ocorre destruição de moeda.;Errado
O processo de expansão da moeda escritural ocorre porque os bancos mantêm 100% dos depósitos em caixa para atender aos saques.;Errado
Os depósitos compulsórios junto ao Banco Central são uma ferramenta para controlar a capacidade dos bancos de expandir empréstimos e criar moeda.;Certo
Uma das funções típicas do Banco Central é atuar como banqueiro dos bancos comerciais, recebendo seus depósitos e concedendo redescontos.;Certo
A renda de senhoriagem é o lucro que o Banco Central obtém da diferença entre o valor de face da moeda emitida e seu custo de produção.;Certo
;
;
;
A base monetária (B) é a soma do papel-moeda em poder do público e dos encaixes bancários.;Certo
O multiplicador monetário (km) diminui se o público aumentar sua preferência por manter moeda escritural (depósitos à vista) em vez de moeda manual.;Errado
Se os bancos aumentarem seus encaixes (coeficiente r), o multiplicador monetário (km) aumenta.;Errado
Um aumento na base monetária (ΔB) leva a um aumento nos meios de pagamento (ΔM) dado pela fórmula ΔM = km * ΔB.;Certo
Um dos instrumentos clássicos da política monetária é a alteração dos depósitos compulsórios.;Certo
Se o Banco Central aumentar a taxa de depósitos compulsórios, ele estará implementando uma política para expandir a oferta monetária.;Errado
A elevação da taxa de redesconto pelo Banco Central tende a estimular os bancos a tomarem mais empréstimos e, assim, expandir a oferta monetária.;Errado
Nas operações de open market, o Banco Central vende títulos ao público para aumentar a liquidez (oferta monetária) do sistema.;Errado
A equação quantitativa da moeda (MV = PT) é considerada uma tautologia, uma verdade por definição.;Certo
Segundo a Teoria Quantitativa da Moeda clássica, um aumento da oferta monetária (M) sempre leva a um aumento proporcional do produto real (Y).;Errado
A versão moderna (neoquantitativista) da TQM defende que o governo deve expandir a oferta monetária na mesma taxa do crescimento esperado do produto real para evitar inflação.;Certo
A teoria clássica da demanda de moeda afirma que as pessoas demandam moeda apenas para fins de especulação.;Errado
Segundo Keynes, a demanda de moeda para transações e precaução varia positivamente com o nível de renda.;Certo
Na teoria keynesiana, a demanda de moeda para especulação baseia-se na expectativa de variações futuras na taxa de juros.;Certo
Keynes argumentou que a demanda por moeda para fins de especulação (Le) varia diretamente com o nível corrente da taxa de juros.;Errado
;
O conceito M1 de meios de pagamento compreende o papel-moeda em poder do público mais os depósitos à vista nos bancos comerciais.;Certo
Há criação de moeda quando um indivíduo transfere dinheiro de sua conta corrente para sua caderneta de poupança.;Errado
Uma empresa pagar seus funcionários em moeda manual constitui uma operação de destruição de moeda.;Errado
O governo, ao pagar seus funcionários sacando de seus depósitos no Banco Central, causa um aumento nos meios de pagamento.;Certo
A venda de ações de um banco comercial ao público é uma operação que destrói meios de pagamento.;Certo
"O ""papel-moeda em circulação"" é igual ao total emitido menos o caixa das Autoridades Monetárias e dos bancos comerciais.";Certo
A base monetária é a soma do papel-moeda em poder do público e das reservas bancárias.;Certo
O multiplicador monetário (km) é expresso pela fórmula km = 1 / [1 - d(1 - r)], onde d é a proporção de depósitos à vista em M1 e r é a relação encaixe/depósitos.;Certo
Um aumento na relação encaixe/depósitos dos bancos aumenta o impacto de uma expansão da base monetária sobre os meios de pagamento.;Errado
A elevação da taxa de depósitos compulsórios é um instrumento de política monetária que visa expandir a oferta de moeda.;Errado
As funções típicas de um banco central incluem ser banqueiro do governo, dos bancos comerciais, emissor de moeda e depositário das reservas internacionais.;Certo
As reservas internacionais de um país são registradas no ativo do balancete do Banco Central.;Certo
A compra de títulos do governo em poder do público pelo Banco Central é um fator de expansão da base monetária.;Certo
Segundo a Teoria Quantitativa da Moeda, em uma economia no pleno emprego, um aumento da oferta monetária causa elevação proporcional do nível geral de preços.;Certo
Se a quantidade de moeda (M) cresce 38,7%, a velocidade (V) é constante e o produto real (Q) cresce 5,5%, a inflação (P) será de aproximadamente 31,47%.;Certo
Um aumento nos meios de pagamento em um percentual menor que o aumento do PIB nominal implica, necessariamente, que a velocidade-renda da moeda diminuiu.;Errado
;
;
Os economistas clássicos acreditavam que a economia de mercado era autorregulável e tendia automaticamente para o pleno-emprego.;Certo
Keynes argumentou que a Lei de Say garantia que qualquer produção adicional sempre encontraria demanda.;Errado
No Modelo Keynesiano Simples (MKS), tanto a taxa de juros (i) quanto o nível geral de preços (P) são considerados constantes.;Certo
A condição de equilíbrio no MKS é que a Oferta Agregada (Produto) seja maior que a Demanda Agregada.;Errado
A Demanda Agregada (DA) é composta por Consumo (C), Investimento (I), Gastos do Governo (G) e Exportações Líquidas (X – M).;Certo
Na função consumo linear C = a + bYD, o parâmetro 'a' representa a propensão marginal a consumir.;Errado
A propensão marginal a consumir (b) é a relação entre o acréscimo no consumo e o acréscimo na renda disponível.;Certo
A poupança (S) é definida como a soma da renda disponível e do consumo.;Errado
Um aumento nos Gastos do Governo (G) tende a diminuir a renda de equilíbrio, devido ao efeito multiplicador negativo.;Errado
O multiplicador dos Gastos do Governo (kG) é maior que o multiplicador da Tributação (kT) em valor absoluto.;Certo
"O ""Teorema do Orçamento Equilibrado"" afirma que um aumento igual nos Gastos do Governo e na Tributação deixa a renda de equilíbrio inalterada.";Errado
No equilíbrio da economia aberta e com governo, a soma da Poupança (S), Tributação (T) e Importações (M) é igual à soma do Investimento (I), Gastos do Governo (G) e Exportações (X).;Certo
Segundo Keynes, mesmo com salários nominais flexíveis, a economia poderia se equilibrar em um nível de renda abaixo do pleno-emprego.;Certo
Para Keynes, a principal solução para uma economia em depressão e com desemprego era o governo aumentar seus gastos.;Certo
A visão clássica pressupunha que a poupança era função primariamente do nível de renda, e não da taxa de juros.;Errado
;
A Lei de Say afirma que o ato de produzir um bem cria demanda por outro, portanto, para a economia como um todo, não pode existir excesso geral de oferta.;Certo
Segundo Keynes, o produto nacional de equilíbrio sempre coincide automaticamente com o pleno-emprego dos recursos produtivos.;Errado
A definição de pleno-emprego em macroeconomia normalmente admite uma pequena taxa de desemprego decorrente de ajustes normais do mercado.;Certo
A propensão marginal a consumir (b) é calculada pela fórmula b = ΔC / ΔY, onde ΔY é a variação na renda.;Certo
Em uma função consumo linear C = a + bY, a propensão média a consumir (C/Y) é constante à medida que a renda (Y) aumenta.;Errado
Na função poupança keynesiana S = -a + (1-b)YD, o termo 'a' representa a poupança autônoma.;Certo
O multiplicador dos investimentos autônomos em uma economia fechada e sem governo é calculado pela fórmula k = 1 / (1 - b), onde b é a propensão marginal a consumir.;Certo
Se a propensão marginal a consumir for 80%, o multiplicador de uma unidade adicional de investimento sobre o produto nacional será 1,25.;Errado
O efeito multiplicador keynesiano depende da economia estar operando com pleno-emprego de mão de obra para funcionar.;Errado
Um aumento igual nos Gastos do Governo e na Tributação (orçamento equilibrado) deixa o nível da renda de equilíbrio inalterado.;Errado
No equilíbrio de uma economia fechada e com governo, a soma dos vazamentos (poupança + tributação) é igual à soma das injeções (investimento + gastos do governo).;Certo
Se a propensão marginal a consumir for 0,8 e as importações forem uma função da renda, o multiplicador dos investimentos será maior do que se as importações fossem autônomas.;Errado
O multiplicador do orçamento equilibrado é positivo e igual a 1.;Certo
Se a propensão marginal a consumir for 0,8, o multiplicador da tributação autônoma, em valor absoluto, é 4.;Errado
No Modelo Keynesiano Simples, o equilíbrio macroeconômico ocorre quando a Oferta Agregada é igual à Demanda Agregada, independentemente do nível de emprego.;Certo
;
No modelo IS-LM, o investimento (I) é considerado uma função inversa da taxa de juros (i).;Certo
A função IS representa todas as combinações de taxa de juros e nível de renda que equilibram o mercado monetário.;Errado
A função LM é ascendente (positivamente inclinada) porque um aumento na renda eleva a demanda por moeda para transações, pressionando a taxa de juros para cima (com oferta monetária fixa).;Certo
No equilíbrio do modelo IS-LM, há apenas uma única combinação de taxa de juros e nível de renda que equilibra simultaneamente os mercados de produtos e monetário.;Certo
Uma política fiscal pura expansionista (aumento de gastos do governo sem alterar a oferta monetária) desloca a curva LM para a direita.;Errado
Quando a função IS é vertical (investimento insensível à taxa de juros), a política monetária expansionista é totalmente eficaz para aumentar a renda.;Errado
"O ""efeito deslocamento"" (crowding-out) total ocorre quando um aumento nos gastos do governo é completamente anulado por uma queda no investimento privado, situação associada à parte vertical (inelástica) da curva LM.";Certo
"Na ""armadilha da liquidez"" (parte horizontal da curva LM), a política monetária expansionista é muito eficaz para aumentar a renda.";Errado
Na zona keynesiana da curva LM (horizontal), a política fiscal expansionista é totalmente eficaz para aumentar a renda, sem elevar a taxa de juros.;Certo
Segundo o modelo, se o equilíbrio estiver no trecho intermediário da curva LM, um aumento da oferta monetária (política monetária expansionista) tende a reduzir a taxa de juros e aumentar a renda.;Certo
A declividade (inclinação) da curva IS é maior quando a sensibilidade do investimento à taxa de juros (d) é maior, coeteris paribus.;Errado
Um aumento na oferta monetária desloca a curva LM para a direita.;Certo
Se o investimento for absolutamente inelástico em relação à taxa de juros, a política fiscal expansionista será ineficaz para alterar o produto nacional.;Errado
A eficácia da política fiscal para aumentar a renda é maior quando a curva LM é mais inclinada (mais inelástica).;Errado
;
No modelo IS-LM para economia aberta, as exportações (X) são consideradas uma função crescente da renda do país (Y).;Errado
A curva BP (Balanço de Pagamentos) representa todas as combinações de taxa de juros e nível de renda que levam ao equilíbrio no Balanço de Pagamentos.;Certo
No caso de mobilidade perfeita de capitais, a curva BP é uma linha vertical.;Errado
Com mobilidade perfeita de capitais e taxas de câmbio flexíveis, uma política monetária expansionista é eficaz para aumentar a renda.;Certo
Com mobilidade perfeita de capitais e taxas de câmbio fixas, uma política fiscal expansionista é ineficaz para aumentar a renda.;Errado
No modelo Mundell-Fleming, com mobilidade perfeita de capitais e câmbio flutuante, uma política fiscal expansionista não altera o nível de renda de equilíbrio.;Certo
Com mobilidade imperfeita de capitais e taxas de câmbio fixas, a política monetária expansionista é geralmente ineficaz para aumentar a renda.;Certo
Se a curva BP for mais inclinada que a curva LM, uma política fiscal expansionista com câmbio fixo terá um efeito maior sobre a renda do que no caso de uma economia fechada.;Errado
No caso de nenhuma mobilidade de capitais e com câmbio flutuante, tanto a política fiscal quanto a monetária podem ser eficazes para aumentar a renda.;Certo
Uma desvalorização cambial desloca a curva BP para a esquerda.;Errado
Com mobilidade perfeita de capitais, a taxa de juros interna (iI) sempre se iguala à taxa de juros internacional (iE) no equilíbrio.;Certo
No regime de câmbio fixo, se o Banco Central se compromete a manter a paridade, ele perde o controle sobre a oferta monetária no longo prazo.;Certo
Com mobilidade imperfeita de capitais e câmbio flutuante, o efeito de uma política monetária expansionista sobre a renda é sempre maior do que em uma economia fechada.;Certo
No caso de nenhuma mobilidade de capitais e câmbio fixo, a única maneira de aumentar a renda e manter o equilíbrio externo é através de uma desvalorização cambial.;Certo
"A ""armadilha da liquidez"" é um conceito relevante no modelo IS-LM para economia aberta com mobilidade perfeita de capitais.";Errado
;
nflação é definida como um aumento persistente e generalizado no nível geral de preços da economia.;Certo
Uma queda no nível geral de preços (deflação) significa que a taxa de inflação está simplesmente diminuindo.;Errado
"A ""desinflação"" ocorre quando a taxa de inflação é negativa, ou seja, quando há deflação.";Errado
Um efeito da inflação é a perda do poder aquisitivo para pessoas com rendas nominais fixas, como alguns assalariados.;Certo
Em um contexto inflacionário, os mercados de capitais de longo prazo tendem a se desenvolver, pois os investidores buscam proteção via aplicações financeiras.;Errado
"O ""Efeito Tanzi"" refere-se à perda de valor real da receita tributária do governo devido aos intervalos entre a ocorrência do fato gerador e o recolhimento do imposto.";Certo
A inflação de demanda é causada por um aumento na Oferta Agregada da economia.;Errado
Segundo o modelo, quando a economia está no pleno-emprego, um aumento na Demanda Agregada causa apenas aumento de preços, sem expansão do produto real.;Certo
Um aumento nos salários acima dos ganhos de produtividade é uma causa típica de inflação de demanda.;Errado
A inflação de custos é representada graficamente por um deslocamento da curva de Oferta Agregada para a esquerda.;Certo
O dilema das políticas fiscal e monetária diante de uma inflação de custos é escolher entre reduzir a inflação (aumentando o desemprego) ou reduzir o desemprego (agravar a inflação).;Certo
A Curva de Phillips descreve uma relação de trade-off de longo prazo entre a taxa de desemprego e a taxa de inflação.;Errado
A inflação inercial é perpetuada por mecanismos de indexação formal ou informal da economia com base na inflação passada.;Certo
"O ""Imposto Inflacionário"" é uma receita arrecadada diretamente pelo governo através de um tributo específico sobre a inflação.";Errado
O Imposto Inflacionário resulta, em parte, da perda de poder de compra do papel-moeda em poder do público, sendo uma forma indireta de financiamento para o governo.;Certo
;
A alocação de recursos, a distribuição de renda e a estabilização econômica são objetivos da política orçamentária do governo.;Certo
Bens públicos, como defesa nacional, podem ser negados ao consumo de indivíduos que se recusem a pagar por eles.;Errado
Bens meritórios, como educação e saúde, são sempre e exclusivamente fornecidos pelo setor privado, sem intervenção do Estado.;Errado
Deseconomias externas ocorrem quando uma atividade gera custos sociais que não são pagos por quem os provoca, como a poluição de um rio por uma fábrica.;Certo
Monopólios naturais são setores onde o custo médio de produção aumenta com a escala, tornando a concorrência a forma mais eficiente de fornecimento.;Errado
A justificativa para a intervenção governamental em setores de risco pesado, como pesquisa nuclear, é que os benefícios sociais são difíceis de serem apropriados integralmente por empresas privadas.;Certo
Para promover uma distribuição de renda mais homogênea, o governo pode usar apenas tributação progressiva, sem a necessidade de direcionar seus gastos.;Errado
Em uma recessão, a política fiscal adequada é a restritiva, aumentando impostos e reduzindo gastos.;Errado
O seguro-desemprego é um exemplo de estabilizador automático da economia.;Certo
Na classificação orçamentária, os juros da dívida pública são classificados como Despesas de Capital.;Errado
A aquisição de um edifício pronto para uso imediato pelo governo é classificada como um Investimento.;Errado
Os princípios da neutralidade e da equidade (justiça) são considerados fundamentais para um bom sistema tributário.;Certo
;
O princípio da neutralidade tributária defende que o sistema de impostos deve interferir ao máximo na alocação de recursos feita pelo mercado.;Errado
Um imposto per capita (poll tax) é considerado neutro, mas pode ser injusto do ponto de vista da capacidade de pagamento.;Certo
Para atender ao princípio da neutralidade, impostos sobre vendas devem incidir preferencialmente sobre produtos com demanda elástica.;Errado
O princípio da equidade tributária pode ser interpretado de duas formas: pelo benefício recebido ou pela capacidade de pagar.;Certo
O princípio do benefício é facilmente aplicável para financiar bens públicos puros, como a defesa nacional.;Errado
De acordo com o princípio da capacidade de pagar, pessoas com rendas iguais devem pagar impostos iguais (equidade horizontal).;Certo
Tributos diretos incidem sobre a renda e o patrimônio, enquanto tributos indiretos incidem sobre a produção, vendas e consumo.;Certo
O Imposto sobre a Propriedade Territorial Urbana (IPTU) é um exemplo de tributo indireto.;Errado
No Brasil, as contribuições sociais são consideradas tributos e servem para financiar a seguridade social (saúde, previdência, assistência).;Certo
O fato gerador de um tributo é a situação definida em lei como necessária para que sua cobrança ocorra.;Certo
A alíquota 'ad valorem' é um valor fixo em reais aplicado sobre a quantidade física de um produto.;Errado
O Imposto sobre a Renda (IR) e o Imposto sobre Produtos Industrializados (IPI) são exemplos de impostos federais.;Certo
O Imposto sobre Circulação de Mercadorias e Serviços (ICMS) é de competência estadual e sua alíquota é uniforme em todo o território nacional.;Errado
O Imposto sobre a Propriedade de Veículos Automotores (IPVA) e o Imposto sobre Transmissão 'Causa Mortis' e Doação (ITCMD) são impostos estaduais.;Certo
O Imposto sobre Serviços (ISS) e o Imposto sobre a Propriedade Territorial Urbana (IPTU) são exemplos de impostos municipais.;Certo
;
O peso morto da tributação é a perda de eficiência alocativa resultante da imposição de um imposto, calculado como a soma das perdas dos excedentes do consumidor e do produtor, deduzida a arrecadação tributária.;Certo
No gráfico de análise do peso morto, a perda total de excedentes (consumidor + produtor) é sempre menor que a arrecadação do governo.;Errado
A área do polígono que representa a soma das perdas dos consumidores e produtores é menor que a área do retângulo que representa a arrecadação do governo.;Errado
O peso morto da tributação é representado pela diferença entre a soma das perdas dos excedentes e a arrecadação do governo, geometricamente equivalente à soma de dois triângulos.;Certo
A incidência de um imposto (quem o paga) depende exclusivamente de quem é o contribuinte de direito, segundo a lei.;Errado
A parcela do imposto que recai sobre consumidores ou produtores depende das elasticidades da oferta e da demanda.;Certo
Impostos diretos sobre pessoas físicas afetam apenas a demanda por bens de consumo, sem interferir nas decisões entre trabalho e lazer.;Errado
A Curva reversa (backward-bending) da oferta de trabalho ilustra que um aumento do salário sempre leva a um aumento das horas trabalhadas.;Errado
O efeito-substituição de um imposto de renda reduz o salário líquido, incentivando o indivíduo a trabalhar mais horas para manter a renda.;Errado
O efeito-renda de um imposto de renda, ao reduzir a renda líquida, pode incentivar o indivíduo a trabalhar mais horas para compensar a perda.;Certo
Na Curva reversa, para baixos níveis salariais, o efeito-renda tende a prevalecer sobre o efeito-substituição.;Certo
Na Curva reversa, para altos níveis salariais e alíquotas marginais altas, o efeito-substituição tende a prevalecer sobre o efeito-renda.;Certo
Um imposto é progressivo quando o contribuinte mais rico paga uma parcela mais que proporcional de sua renda em impostos.;Certo
Um imposto é regressivo quando o contribuinte mais rico paga uma parcela menor de sua renda em impostos que o mais pobre.;Certo
Um imposto é proporcional quando todos os contribuintes pagam o mesmo valor absoluto em impostos, independentemente da renda.;Errado
Impostos progressivos ajudam a melhorar a distribuição de renda, enquanto os regressivos a pioram.;Certo
Impostos indiretos com alíquotas fixas (únicas) são sempre proporcionais, pois incidem na mesma taxa sobre todos os produtos.;Errado
Um imposto indireto com alíquota fixa será regressivo se a proporção renda gasta em consumo (C/Y) for decrescente com o aumento da renda.;Certo
No cálculo de um imposto de renda progressivo com faixas, a alíquota marginal é aplicada sobre o total da renda do contribuinte.;Errado
"A ""parcela a deduzir"" na tabela do Imposto de Renda serve para garantir a progressividade e evitar saltos bruscos na renda disponível ao mudar de faixa.";Certo
A alíquota média do Imposto de Renda é sempre igual à alíquota marginal.;Errado
Para um imposto de renda proporcional, as alíquotas média e marginal são sempre iguais.;Certo
Um Imposto de Renda progressivo funciona como um estabilizador automático, amortecendo as flutuações da renda disponível.;Certo
Com inflação e reajuste salarial nominal que mantém o poder de compra, se a tabela do IR não for corrigida, a carga tributária real do contribuinte diminui.;Errado
"O ""efeito-tabela"" refere-se ao aumento real da carga tributária devido apenas à progressividade do imposto, quando há aumento real da renda.";Certo
O Efeito-Tanzi descreve a perda do valor real da arrecadação devido ao atraso entre o fato gerador do tributo e seu recolhimento em contextos inflacionários.;Certo
Para combater o Efeito-Tanzi, um governo pode encurtar prazos de recolhimento e indexar o valor do tributo.;Certo
A elasticidade-renda de um imposto (ERI) mede a variação percentual da arrecadação em relação à variação percentual da renda.;Certo
Se a elasticidade-renda de um imposto (ERI) for maior que 1, ele é classificado como regressivo.;Errado
A Curva de Laffer ilustra que a relação entre alíquotas tributárias e arrecadação é sempre crescente: quanto maior a alíquota, maior a arrecadação.;Errado
Segundo a lógica da Curva de Laffer, alíquotas muito altas podem desestimular atividades produtivas e incentivar a sonegação, reduzindo a arrecadação.;Certo
A Curva de Laffer prova que qualquer redução de alíquotas tributárias resulta em aumento da arrecadação.;Errado
;
;
Na ótica da Contabilidade Nacional, o Déficit Público é calculado como o Investimento Público menos a Poupança do Governo em Conta Corrente.;Certo
O Investimento Público (IG) não faz parte dos gastos totais do governo para o cálculo do déficit na Contabilidade Nacional.;Errado
O déficit público, pela ótica da Contabilidade Nacional, é financiado apenas pela Poupança do Resto do Mundo.;Errado
A Necessidade de Financiamento do Setor Público (NFSP) é um conceito mais utilizado no debate fiscal brasileiro do que os dados das Contas Nacionais.;Certo
A NFSP inclui, além das três esferas do governo, o resultado das empresas estatais.;Certo
O déficit nominal (Dn) é calculado como o total de dispêndios do governo menos apenas as receitas tributárias.;Errado
O déficit nominal (Dn) inclui gastos gerais, juros e a correção monetária sobre as dívidas, e é financiado por aumento da base monetária e das dívidas.;Certo
O déficit operacional (Do) é o déficit nominal menos os juros sobre a dívida (JG).;Errado
O déficit primário (Dp) é o déficit operacional menos a correção monetária sobre as dívidas (AMG).;Errado
O déficit primário (Dp) é o déficit operacional desconsiderando-se os juros das dívidas.;Certo
O déficit do governo é uma variável estoque, enquanto a dívida pública é uma variável fluxo.;Errado
A NFSP nominal corresponde, por definição, ao aumento da dívida líquida do setor público (ΔDLSP).;Certo
A dívida líquida do setor público (DLSP) é composta pelo aumento da base monetária (ΔB), da dívida interna (ΔDI) e da dívida externa bruta (ΔDE).;Errado
O aumento da base monetária (ΔB) não é tratado como parte da dívida líquida do setor público (DLSP).;Errado
"No Brasil, a variação da Dívida Fiscal Líquida (ΔDFL) é usada para calcular a NFSP nominal, pois exclui efeitos de ajustes patrimoniais como privatizações e ""esqueletos"".";Certo
As receitas de privatização reduzem a Dívida Líquida do Setor Público (DLSP).;Certo
"Os ""esqueletos"" (reconhecimento de dívidas passadas) reduzem a Dívida Líquida do Setor Público (DLSP).";Errado
Para se obter o déficit primário a partir da variação da Dívida Fiscal Líquida (ΔDFL), basta subtrair os juros nominais (JG).;Errado
O déficit primário (Dp) é calculado como a variação da Dívida Fiscal Líquida (ΔDFL) menos os juros (JG) e a correção monetária (AMG).;Certo
A função de ajustamento da alocação de recursos pelo setor público visa apenas substituir a produção de bens feita pelo setor privado.;Errado
A política fiscal é um instrumento da função de estabilização econômica do governo.;Certo
As despesas de capital incluem investimentos, inversões financeiras e os juros da dívida pública.;Errado
As despesas correntes incluem despesas de custeio, transferências e os encargos (juros e amortização) da dívida pública.;Certo
Um tributo direto incide diretamente sobre a renda e o patrimônio do contribuinte de direito.;Certo
A parcela de um imposto indireto que recai sobre consumidores ou produtores depende das elasticidades da oferta e da demanda.;Certo
Um Imposto sobre a Renda das pessoas físicas afeta apenas a oferta de trabalho, sem interferir na demanda por bens de consumo.;Errado
O efeito-substituição de um imposto de renda incentiva o indivíduo a trabalhar mais horas.;Errado
O efeito-renda de um imposto de renda pode incentivar o indivíduo a trabalhar mais horas para compensar a perda de renda líquida.;Certo
Um imposto é considerado progressivo quando o contribuinte mais rico paga uma alíquota média maior sobre sua renda.;Certo
Um imposto indireto com alíquota fixa sobre todos os produtos é sempre proporcional em relação à renda dos consumidores.;Errado
A elasticidade-renda de um imposto (ERI) é a variação percentual da arrecadação dividida pela variação percentual da renda.;Certo
Se a elasticidade-renda de um imposto (ERI) for maior que 1, o imposto é regressivo.;Errado
A Curva de Laffer ilustra que a arrecadação tributária aumenta indefinidamente com o aumento das alíquotas.;Errado
Segundo a Curva de Laffer, alíquotas tributárias muito altas podem reduzir a arrecadação ao desestimular atividades e incentivar a sonegação.;Certo
O Efeito-Tanzi refere-se à perda do valor real da arrecadação devido ao atraso entre o fato gerador e o recolhimento do tributo em contexto inflacionário.;Certo
A inflação, sem correção da tabela do IR, reduz a carga tributária real sobre os contribuintes.;Errado
Um imposto progressivo sobre a renda pode funcionar como um estabilizador automático da economia.;Certo
;
;
;
No modelo de Fisher, o consumo é função apenas da renda do período corrente.;Errado
No modelo de Fisher, o consumo depende dos recursos que o indivíduo espera obter ao longo de sua vida (renda permanente).;Certo
As curvas de indiferença intertemporais mostram combinações de consumo presente e futuro que dão ao consumidor o mesmo nível de satisfação.;Certo
A Taxa Marginal de Substituição (TMS) intertemporal é a taxa à qual o consumidor está disposto a trocar consumo futuro por consumo presente, mantendo o mesmo nível de utilidade.;Certo
A restrição orçamentária intertemporal mostra que o valor presente do consumo ao longo da vida deve igualar o valor presente da renda ao longo da vida.;Certo
Se o consumidor poupa no primeiro período, seu consumo no segundo período será igual à renda do segundo período mais a poupança do primeiro, sem juros.;Errado
A inclinação da reta de restrição orçamentária intertemporal é igual a 1/(1+r), onde 'r' é a taxa de juros real.;Certo
Um aumento da renda no primeiro período (Y1) desloca a restrição orçamentária intertemporal para a direita, permitindo maior consumo em ambos os períodos.;Certo
O ponto ótimo do consumidor é onde a curva de indiferença mais alta tangencia a reta de restrição orçamentária.;Certo
No ponto ótimo, a Taxa Marginal de Substituição (TMS) do consumidor é igual à taxa de juros real (r).;Errado
Um aumento da taxa de juros real sempre aumenta o consumo presente (C1) para um consumidor poupador.;Errado
Para um consumidor poupador, um aumento da taxa de juros tem um efeito-renda positivo e um efeito-substituição que incentiva menos consumo presente.;Certo
Para um consumidor tomador de empréstimos, um aumento da taxa de juros tem um efeito-renda negativo.;Certo
Segundo o modelo de Fisher, um aumento da taxa de juros tende a reduzir o consumo presente e aumentar o consumo futuro.;Certo
Evidências empíricas nos EUA confirmam de forma conclusiva que aumentos na taxa de juros reduzem significativamente o consumo presente.;Errado
Uma restrição de crédito (impedimento de tomar empréstimos) limita o consumo presente a, no máximo, a renda do período corrente.;Certo
Se um consumidor já é poupador, uma restrição de crédito não altera sua escolha ótima de consumo.;Certo
A Equivalência Ricardiana sustenta que um corte de impostos financiado por dívida (déficit) não altera o consumo agregado, pois os consumidores antecipam impostos futuros mais altos.;Certo
Segundo a Equivalência Ricardiana, uma política fiscal expansionista (corte de impostos) é eficaz para aumentar a demanda agregada e reduzir o desemprego no curto prazo.;Errado
A restrição orçamentária intertemporal do governo mostra que o valor presente dos gastos públicos deve igualar o valor presente da arrecadação tributária.;Certo
Um corte de impostos hoje, sem redução de gastos, implica necessariamente em aumento de impostos no futuro para que o governo cumpra sua restrição orçamentária.;Certo
Na Equivalência Ricardiana, os consumidores percebem que um corte de impostos hoje apenas significa um adiamento do pagamento de impostos (mais juros) para o futuro.;Certo
Se os consumidores estiverem sujeitos a restrições de crédito, um corte de impostos pode aumentar o consumo presente, invalidando a Equivalência Ricardiana.;Certo
Se os consumidores não forem racionais ou não anteciparem os impostos futuros, um corte de impostos pode aumentar o consumo presente.;Certo
A Equivalência Ricardiana pressupõe que as gerações atuais se preocupam com o bem-estar das gerações futuras, poupando para pagar a dívida pública que lhes será transferida.;Certo
Se a geração atual não se importar em deixar dívida para as gerações futuras, um corte de impostos pode aumentar o consumo presente.;Certo
Existe evidência empírica conclusiva e amplamente aceita que comprova a validade da Equivalência Ricardiana na prática.;Errado
;
;
A função de produção macroeconômica mostra que o PIB depende apenas do capital (K) e da tecnologia (m).;Errado
O crescimento econômico (aumento do PIB) depende positivamente da quantidade de fatores de produção (capital e trabalho) e do nível de conhecimento tecnológico.;Certo
No curto prazo, com pelo menos um fator fixo, a função de produção macroeconômica está sujeita à lei dos rendimentos crescentes.;Errado
No longo prazo, com todos os fatores variáveis, assume-se que a função de produção apresenta rendimentos constantes de escala.;Certo
Uma função de produção do tipo Cobb-Douglas com α + β = 1 apresenta rendimentos decrescentes do fator variável no curto prazo e rendimentos constantes de escala no longo prazo.;Certo
No modelo básico de Solow (sem crescimento populacional e progresso tecnológico), a única fonte de crescimento do produto por trabalhador (y) é o aumento do estoque de capital por trabalhador (k).;Certo
No modelo básico de Solow, a função de produção y = f(k) tem produtividade marginal do capital (PMgK) crescente.;Errado
No estado estacionário do modelo básico de Solow, o investimento por trabalhador é igual à depreciação por trabalhador.;Certo
No estado estacionário, o produto por trabalhador (y) e o estoque de capital por trabalhador (k) permanecem constantes.;Certo
Um aumento da taxa de poupança (s) no modelo de Solow leva a um novo estado estacionário com um nível mais alto de produto e consumo por trabalhador.;Certo
Um aumento muito grande da taxa de poupança pode, em algum ponto, reduzir o nível de consumo por trabalhador no estado estacionário.;Certo
"A ""Regra de Ouro"" da acumulação de capital define a taxa de poupança que maximiza o consumo por trabalhador no estado estacionário.";Certo
Pela Regra de Ouro, o consumo é maximizado quando a Produtividade Marginal do Capital (PMgK) é igual à taxa de depreciação (δ).;Certo
Sem progresso tecnológico ou crescimento populacional, a economia atinge um estado estacionário onde o produto nominal (Y) para de crescer.;Certo
A introdução do crescimento populacional no modelo de Solow explica por que o produto por trabalhador (Y/L) aumenta continuamente.;Errado
No modelo de Solow com crescimento populacional à taxa 'n', no estado estacionário, o produto por trabalhador (y) e o capital por trabalhador (k) crescem à taxa 'n'.;Errado
No modelo de Solow com crescimento populacional, o estado estacionário ocorre quando s f(k) = (δ + n) k.;Certo
Um aumento da taxa de crescimento populacional (n) reduz o nível do produto por trabalhador no estado estacionário.;Certo
No modelo de Solow, países com taxas de crescimento populacional mais altas tendem a ter níveis de renda por trabalhador mais altos no estado estacionário.;Errado
O progresso tecnológico é a variável que explica o crescimento contínuo do produto por trabalhador no longo prazo no modelo de Solow.;Certo
No modelo de Solow com progresso tecnológico à taxa 'g', no estado estacionário, o produto por trabalhador (Y/L) cresce à taxa 'g'.;Certo
No estado estacionário do modelo completo (com 'n' e 'g'), o produto nominal (Y) cresce à taxa aproximadamente igual a n + g.;Certo
No modelo de Solow, um aumento na taxa de poupança acelera o crescimento do produto por trabalhador permanentemente.;Errado
No modelo de Solow, um aumento na taxa de poupança aumenta a taxa de crescimento apenas temporariamente, até a economia atingir um novo estado estacionário.;Certo
"A ""unidade de eficiência de trabalho"" no modelo de Solow leva em conta tanto o número de trabalhadores quanto seu nível de tecnologia/eficiência.";Certo
A condição da Regra de Ouro no modelo completo de Solow (com n e g) é PMgK = δ + n + g.;Certo
Segundo o modelo de Solow, evidências empíricas sugerem uma correlação positiva entre o nível de poupança de um país e seu nível de produto por trabalhador.;Certo
Para uma função de produção y = k^(1/2), a taxa de poupança que maximiza o consumo (Regra de Ouro) é sempre 50%, independentemente das taxas de depreciação, crescimento populacional e tecnológico.;Certo
