Bacia do Prata;Área estratégica de expansão portuguesa ao sul
Colônia do Santíssimo Sacramento;Fundação portuguesa no Prata em 1680
Controle a Montante;Domínio sobre recursos hídricos
Controle a Jusante;Domínio da navegação fluvial
Tratado de Madri (1750);Reconhecimento da ultrapassagem de Tordesilhas
Linha de Tordesilhas;Divisão original entre Portugal e Espanha
Raffestin;Autor da ideia de que fronteiras exigem ocupação real
Mapa das Cortes;Mapa com deformações favoráveis a Portugal
Tratado de El Pardo;Tratado luso-espanhol de 1761
Tratado de Santo Ildefonso;Tratado territorial de 1777
Tratado de Badajoz;Tratado territorial de 1801
Porto dos Casais;Origem da atual Porto Alegre
Colonização Dirigida;Ocupação planejada pelo Estado
Colonização Açoriana;Presença portuguesa no Sul do Brasil
Estâncias Pecuaristas;Grandes propriedades voltadas à pecuária
Colonização Alemã;Processo iniciado em 1824 no Sul
São Leopoldo;Primeira colônia alemã importante
Colonização Italiana;Processo iniciado em 1870 na Serra Gaúcha
Serra Gaúcha;Área ocupada por imigrantes italianos
Bento Gonçalves;Cidade da colonização italiana
Garibaldi;Cidade da colonização italiana
Caxias do Sul;Principal centro ítalo-gaúcho
Companhias de Colonização;Empresas responsáveis pela ocupação imigrante
Bacia Amazônica;Área estratégica de ocupação portuguesa ao norte
Forte do Presépio;Origem de Belém em 1616
Belém;Cidade estratégica na foz amazônica
São José da Barra do Rio Negro;Origem de Manaus
Drogas do Sertão;Produtos extrativos amazônicos coloniais
Missões Jesuíticas;Primeira forma de ocupação amazônica
Período Pombalino;Fase de secularização da ocupação amazônica
Diretório dos Índios;Política pombalina para integrar indígenas
Tabatinga;Fortaleza criada em 1766 na Amazônia
Toponímia Portuguesa;Uso de nomes portugueses na Amazônia
Nova Mazagão;Vila criada para ocupar área disputada
Cabo Norte;Região estratégica próxima à Guiana Francesa
Cavalhadas de São Tiago;Tradição cultural de Mazagão
Primeiro Ciclo da Borracha;Expansão econômica amazônica entre 1870-1910
Belle Époque Amazônica;Período de prosperidade da borracha
Teatro Amazonas;Símbolo da riqueza de Manaus
Teatro da Paz;Símbolo da riqueza de Belém
Segundo Ciclo da Borracha;Produção amazônica durante a Segunda Guerra
SEMTA;Serviço de mobilização para a Amazônia
Soldados da Borracha;Nordestinos enviados à Amazônia
Grandes Projetos da Ditadura;Integração amazônica a partir dos anos 1970
Arquipélago Brasileiro;Fragmentação territorial e econômica do país
Planejamento Territorial;Estratégia estatal de integração nacional
Bertha Becker;Autora da ideia de “floresta urbanizada”
Floresta Urbanizada;Amazônia com maioria da população urbana
Lei Geográfica de 1938;Base legal do planejamento territorial
IBGE;Instituto responsável por estatística e regionalização
SPVEA;Superintendência voltada à Amazônia
Regionalização Oficial;Divisão territorial criada pelo Estado
Giorgio Mortara;Modernizador da estatística brasileira
Marcha para o Oeste;Política varguista de interiorização
Mario Travassos;Geopolítico da Era Vargas
Projeção Continental do Brasil;Obra geopolítica de Travassos
Altiplano Boliviano;Área estratégica entre Amazonas e Prata
Goiânia;Cidade planejada da interiorização
Colônias Agrícolas Nacionais;Projetos agrícolas de ocupação territorial
Ceres;Colônia agrícola em Goiás
Dourados;Colônia agrícola em Mato Grosso do Sul
Expedição Roncador-Xingu;Expedição de ocupação do Centro-Oeste
Fundação Brasil Central;Órgão de interiorização territorial
Territórios Federais;Áreas controladas diretamente pela União
Amazônia Legal;Recorte regional criado para planejamento
Rodoviarismo;Estratégia de integração por rodovias
Brasília;Símbolo da integração e modernização nacional
Superação do Arquipélago;Integração territorial promovida por JK
Grande Bandeirante do Século XX;Imagem atribuída a JK
Doutrina de Segurança Nacional;Estratégia geopolítica do regime militar
Golbery do Couto e Silva;Principal geopolítico do período militar
Aspectos da Geopolítica do Brasil;Obra de Golbery publicada em 1957
Áreas Ecumênicas;Regiões densamente ocupadas
Áreas Anecúmenas;Vazios demográficos estratégicos
“Integrar para não entregar”;Slogan geopolítico da ditadura
Programa de Integração Nacional (PIN);Projeto rodoviário amazônico
Transamazônica;Rodovia estratégica da Amazônia
Transpantaneira;Rodovia de integração no Centro-Oeste
Estrada–Terra Firme–Solo;Novo padrão de ocupação amazônica
“Homens sem terra para terras sem homens”;Slogan da colonização dirigida
Colonização Dirigida Militar;Política de ocupação da Amazônia
Alienação de Terras Públicas;Transferência de terras para grandes propriedades
I PND;Plano de desenvolvimento do governo Médici
II PND;Plano de desenvolvimento do governo Geisel
POLOCENTRO;Programa de modernização do Cerrado
CODEVASF;Companhia de desenvolvimento do Vale do São Francisco
Vale do São Francisco;Área de irrigação planejada
III PND;Plano fracassado do governo Figueiredo
Década Perdida;Crise econômica e retração do planejamento nos anos 1980
PDNR;Plano territorial do governo Sarney
;
Arquipélago econômico;Baixa integração territorial e econômica do Brasil até 1930
Celso Furtado;Autor da ideia do “arquipélago econômico” brasileiro
Economia extrovertida;Produção voltada ao mercado externo
Complexos rurais fechados;Estruturas produtivas autossuficientes e pouco integradas
Centro cafeeiro;Principal ilha econômica ligada ao café
Amazônia da borracha;Região ligada ao ciclo da borracha
Industrialização pré-1930;Desarticulada, privada e concentrada no Sudeste
Nacional-desenvolvimentismo;Modelo estatal de industrialização entre 1930-1980
Era Vargas;Início da industrialização planejada pelo Estado
CSN;Companhia Siderúrgica Nacional criada em 1942
CVRD;Companhia Vale do Rio Doce criada em 1942
Trabalhismo varguista;Regulação estatal das relações de trabalho
Plano de Metas;Programa industrializante de JK
Tripé de JK;Capital estatal, privado nacional e estrangeiro
Brasília;Símbolo da integração e modernização nacional
Fordismo periférico;Industrialização concentrada no Sudeste
Economias de aglomeração;Vantagens da concentração industrial
RMSP;Região Metropolitana de São Paulo
Desconcentração relativa;Perda parcial da concentração industrial paulista
Desconcentração concentrada;Conceito de Milton Santos sobre dispersão limitada
Clélio Campolina;Autor da ideia do desenvolvimento poligonal
Desenvolvimento poligonal;Área dinâmica entre MG e Sul do Brasil
Deseconomias de aglomeração;Custos elevados nas grandes metrópoles
SUDENE;Superintendência voltada ao desenvolvimento do Nordeste
SUFRAMA;Órgão responsável pela Zona Franca de Manaus
Polo Industrial de Manaus;Área industrial incentivada na Amazônia
Projeto Grande Carajás;Expansão mineral no Norte
Inserção passiva;Abertura econômica com menor ação estatal
Guerra fiscal;Disputa entre estados por investimentos
Guerra dos lugares;Nome dado por Milton Santos à guerra fiscal
Desindustrialização;Queda da participação industrial no PIB
Terciarização;Crescimento do setor de serviços
Nova Indústria Brasil;Plano industrial lançado em 2023
Milton Santos;Autor da ideia de território usado
Território usado;Relação sociedade-natureza mediada pela técnica
Meio natural;Predomínio de técnicas rudimentares
Meio técnico;Fase de mecanização e integração nacional
MTCI;Meio técnico-científico-informacional
Embrapa;Instituição-chave da modernização agrícola
Fachada litorânea;Principal eixo histórico de ocupação do Brasil
Cana-de-açúcar;Primeira base econômica não extrativista
Massapê;Solo fértil da Zona da Mata
Hinterlândia pecuarista;Interior articulado ao açúcar nordestino
Mineração;Ciclo que deslocou a centralidade para o Sudeste
Cafeicultura;Atividade que consolidou o Sudeste
Terra roxa;Solo fértil do Oeste Paulista
Colônia do Sacramento;Marco da expansão portuguesa na Bacia do Prata
Tratado de Madri;Reconheceu a expansão além de Tordesilhas
Porto dos Casais;Origem de Porto Alegre
Colonização açoriana;Estratégia de ocupação do Sul
São Leopoldo;Núcleo inicial da imigração alemã
Serra Gaúcha;Área ocupada por imigrantes italianos
Forte do Presépio;Origem de Belém
Drogas do sertão;Produtos explorados na Amazônia colonial
Diretório dos Índios;Política pombalina para indígenas
Nova Mazagão;Vila criada para reforçar presença portuguesa
Ciclo da borracha;Boom econômico amazônico
Belle Époque Amazônica;Fase de riqueza em Manaus e Belém
Soldados da Borracha;Nordestinos enviados à Amazônia na Segunda Guerra
Marcha para o Oeste;Política varguista de interiorização
IBGE;Órgão de estatística e regionalização criado em 1938
SPVEA;Superintendência voltada à Amazônia
Amazônia Legal;Recorte regional criado para planejamento
Mario Travassos;Geopolítico da Era Vargas
Altiplano boliviano;Área estratégica entre bacias sul-americanas
Goiânia;Cidade planejada da interiorização
Fundação Brasil Central;Responsável pela Expedição Roncador-Xingu
Doutrina de Segurança Nacional;Visão geopolítica do período militar
Golbery do Couto e Silva;Principal formulador da DSN
Áreas ecumênicas;Regiões densamente ocupadas
Áreas anecúmenas;Vazios territoriais estratégicos
“Integrar para não entregar”;Slogan da ocupação amazônica
PIN;Programa de Integração Nacional
Transamazônica;Rodovia de integração da Amazônia
POLOCENTRO;Programa de modernização dos Cerrados
CODEVASF;Companhia de desenvolvimento do Vale do São Francisco
Constituição de 1988;Reorganizou o planejamento federativo
PPA;Plano Plurianual
ENIDs;Eixos Nacionais de Integração e Desenvolvimento
Brasil em Ação;Primeiro PPA de FHC
Avança Brasil;PPA voltado à competitividade global
IIRSA;Integração da infraestrutura sul-americana
PAC;Plano de Aceleração do Crescimento
PAC híbrido;Mistura desenvolvimentismo e PPPs
Novo PAC;Plano de infraestrutura do governo Lula 3
Sociobiodiversidade;Uso sustentável da biodiversidade amazônica
Regionalização oficial;Divisão administrativa do IBGE
Pedro Geiger;Autor das regiões geoeconômicas
Complexos regionais;Divisão baseada na dinâmica econômica
Centro-Sul;Região mais industrializada do Brasil
Amazônia geoeconômica;Região extrativista e de baixa densidade
Zona Franca de Manaus;Polo industrial incentivado na Amazônia
;
;
entro-Sul geoeconômico;Região mais dinâmica e industrializada do Brasil
Triângulo industrial brasileiro;São Paulo, Rio de Janeiro e Belo Horizonte
70% da população brasileira;Parcela concentrada no Centro-Sul
Polo automotivo;Destaque industrial do Centro-Sul
Polo siderúrgico;Base industrial pesada do Centro-Sul
Polo petroquímico;Setor industrial relevante do Centro-Sul
Agricultura de exportação;Produção de café, soja e cana
Polo financeiro nacional;Predomínio dos serviços no Centro-Sul
Congestionamento urbano;Problema típico da concentração metropolitana
Nordeste geoeconômico;Região historicamente ligada ao açúcar
Berço da colonização portuguesa;Característica histórica do Nordeste
Faixa litorânea nordestina;Área mais povoada da região
Sertão nordestino;Área de baixa densidade demográfica
Secas recorrentes;Problema climático do interior nordestino
Cana-de-açúcar no Nordeste;Atividade tradicional regional
Turismo nordestino;Atividade econômica importante do litoral
Energia eólica no Nordeste;Setor em expansão regional
Mortalidade infantil;Indicador social problemático do Nordeste
Segunda regionalização oficial;Divisão do IBGE de 1969
Dinâmica centro-periferia;Lógica territorial da regionalização de 1969
Sudeste como centro;Região mais dinâmica da economia nacional
Sul e Centro-Oeste integrados;Periferias articuladas ao Sudeste
Nordeste deprimido;Região menos integrada às cadeias dinâmicas
Norte como fronteira;Área de expansão territorial e econômica
Roberto Lobato Corrêa;Autor da regionalização dos Três Brasis
Três Brasis;Divisão em Centro-Sul, Nordeste e Amazônia
Amazônia como fronteira do capital;Visão de Roberto Lobato Corrêa
Tocantins;Estado incorporado ao Norte em 1990
Quatro Brasis;Regionalização de Milton Santos
Região Concentrada;Sul e Sudeste integrados pelo MTCI
MTCI;Meio técnico-científico-informacional
Região Concentrada;Área de maior comando econômico e tecnológico
Centro-Oeste periférico;Expansão moderna subordinada ao Centro-Sul
Rugosidades;Formas herdadas de técnicas antigas
MATOPIBA;Área moderna de agricultura no Nordeste
Tecnopolo de Campina Grande;Polo tecnológico nordestino
Recife tecnológico;Polo de TI do Nordeste
Amazônia como fronteira;Região marcada por enclaves modernos
Polo Mineral de Carajás;Enclave moderno amazônico
Zona Franca de Manaus;Enclave industrial da Amazônia
Fluxos lentos e rápidos;Contraste territorial amazônico
Faixa de fronteira;Área de 150 km paralela às fronteiras
Lei da Faixa de Fronteira;Norma de 1979 sobre área estratégica
588 municípios;Quantidade de municípios na faixa de fronteira
Arco Norte;Faixa menos urbanizada e mais extensa
BR-174;Ligação Brasil–Venezuela
Carretera Interoceânica;Ligação Brasil–Peru
Arco Central;Região marcada por violência e integração
Corredor Bioceânico;Projeto logístico do Arco Central
Porto Murtinho;Cidade ligada ao corredor bioceânico
Arco Sul;Região mais urbanizada da fronteira
Foz do Iguaçu;Principal centralidade do Arco Sul
Programa Calha Norte;Política de defesa da Amazônia
SISFRON;Sistema de monitoramento de fronteiras
Pelotões Especiais de Fronteira;Estruturas militares na fronteira
Rota do Solimões;Rota do tráfico no Arco Norte
Rota Caipira;Rota do tráfico no Arco Central
Tríplice Fronteira;Área sensível do Arco Sul
Cidades-gêmeas;Núcleos urbanos integrados pela fronteira
Sinapses fronteiriças;Integração intensa entre cidades-gêmeas
Ciudad del Este;Cidade-gêmea ligada a Foz do Iguaçu
Pedro Juan Caballero;Cidade-gêmea de Ponta Porã
Tabatinga-Letícia;Arranjo fronteiriço Brasil-Colômbia
Rede urbana rareada;Característica dos arcos Norte e Central
Arranjos populacionais fronteiriços;Integração social e econômica transfronteiriça
;
;
Matriz energética mundial;Predomínio de petróleo, carvão e gás natural
Carvão no mundo;China é a maior consumidora
Matriz energética brasileira;Predomínio de fontes renováveis
Renováveis no Brasil;Cerca de 50% da matriz energética
Matriz elétrica brasileira;Cerca de 88% renovável
Principal fonte elétrica do Brasil;Hidrelétrica
Tendência recente da matriz brasileira;Crescimento de eólica e solar
Intensidade de carbono do Brasil;Menor que países industrializados
Dinâmica até 2009;Expansão dos biocombustíveis
Crise energética 2009-2014;Crise hídrica e crise do etanol
Recuperação pós-2015;Crescimento da energia solar e eólica
Dependência externa brasileira;Compra energia de Paraguai e Venezuela
Principal fonte não renovável do Brasil;Petróleo
Participação do petróleo;Cerca de 34%
Autossuficiência em petróleo;Alcançada em 2020
Rodoviarismo brasileiro;Aumenta consumo de petróleo
Gás natural no Brasil;Fonte complementar de energia
GASBOL;Gasoduto Bolívia-Brasil
Gás de xisto;Extraído por fraturamento hidráulico
Fracking;Técnica com risco ambiental
Aquífero Guarani;Área sensível ao gás de xisto
Carvão mineral no Brasil;Uso na siderurgia e geração elétrica
Reservas brasileiras de carvão;Pequenas e de baixa qualidade
Dependência brasileira de carvão;Forte importação externa
Urânio no Brasil;Grandes reservas potenciais
Energia nuclear mundial;Apenas cerca de 4% da matriz
Biomassa da cana;Principal renovável brasileira
Etanol;Combustível derivado da cana
Pró-Álcool;Programa de biocombustíveis criado em 1975
Fiat 147;Primeiro carro a álcool
Crise do álcool nos anos 1990;Desabastecimento e perda de confiança
Carro flex;Retomou expansão do etanol
RenovaBio;Política de descarbonização
Hidrelétrica;Base da matriz elétrica brasileira
Eletrobrás;Planejamento elétrico nacional
Itaipu;Grande marco da energia hidráulica
Amazônia e hidrelétricas;Grande potencial energético
Balbina;Exemplo de usina com grande impacto ambiental
Usina a fio d’água;Menor reservatório e menor impacto
Belo Monte;Grande hidrelétrica amazônica
Problemas das hidrelétricas amazônicas;Impactos sociais e ambientais
Lenha e carvão vegetal;Fontes tradicionais brasileiras
Uso da lenha;Residencial e siderurgia
Tendência da lenha;Queda estrutural
Licor preto;Subproduto energético da celulose
Energia eólica;Segunda maior fonte elétrica brasileira
Potencial eólico brasileiro;Forte no Nordeste
Maiores produtores eólicos;RN, BA, CE e RS
Energia eólica no Brasil;Mais barata que hidrelétrica
Problemas da energia eólica;Impactos visuais e na fauna
Energia solar;Crescimento acelerado recente
China e renováveis;Maior gerador solar e eólico do mundo
Diversificação energética;Reduz vulnerabilidade do sistema
Complementaridade energética;Eólica e solar poupam reservatórios
Acordo de Paris;Meta de ampliar renováveis
Energia hidráulica no Brasil;Cerca de 55% da geração elétrica
Solar em 2024;Superou biomassa
Cana-de-açúcar;Superou hidrelétrica em 2007
Biocombustíveis;Estratégia para reduzir petróleo
Sistema elétrico nacional;Interligação de geração e transmissão
Planejamento energético;Expansão com participação estatal
Crise hídrica;Reduz geração hidrelétrica
Termelétricas;Complementam o sistema elétrico
Gás natural na eletricidade;Cresce em períodos de seca
Sustentabilidade energética;Maior uso de renováveis
Segurança energética;Diversificação de fontes
Emissões brasileiras;Menores devido às renováveis
Energia limpa;Forte vantagem comparativa do Brasil
;
;
;
mércios e fazendas;
Capacidade distribuída superou centralizada;2022
Percentual da geração distribuída;Cerca de 70%
Marco Legal da Geração Distribuída;Taxa sobre excedente injetado na rede
Corrida por instalação solar ocorreu;Antes de 2022
Vantagem da energia solar;Fonte limpa e renovável
Outra vantagem da energia solar;Atende áreas remotas
Desvantagem da energia solar;Intermitência
Outro problema da energia solar;Descarte de painéis
Conflito ligado às usinas solares;Uso do território
Licor preto;Resíduo da indústria de celulose
Função do licor preto;Autogeração de energia
Participação do licor preto;Cerca de 10% das renováveis
Biodiesel no Brasil;Estruturado no Governo Lula I
Pilar do biodiesel;Política de mistura
Outro pilar do biodiesel;Programa Biodiesel Social
Matéria-prima principal do biodiesel;Óleo de soja
Outra matéria-prima do biodiesel;Gordura bovina
Problema do biodiesel de soja;Alto custo
Mistura obrigatória no diesel;Cerca de 15%
Maior consumidor energético do Brasil;Transportes
Principal combustível dos transportes;Diesel
Programa RenovaBio;Redução de emissões e estímulo aos biocombustíveis
Objetivo do RenovaBio;Estabilizar mercado de etanol
Outro objetivo do RenovaBio;Expandir biodiesel
Posição do Brasil no biodiesel mundial;2º maior produtor
Hidrogênio verde;Produzido com renováveis
Hidrogênio cinza;Derivado do carvão mineral
Hidrogênio azul;Produzido com gás natural
Hidrogênio rosa;Produzido com energia nuclear
Hidrogênio amarelo;Produzido com fontes mistas
Programa brasileiro do hidrogênio;PNH2
Objetivo do PNH2;Hidrogênio de baixa emissão
Fluxos superam fixos;Circulação domina a produção
Rede de transportes;Infraestrutura de circulação
Exemplo internacional de integração ferroviária;China
País com mais trens de alta velocidade;China
Objetivo da expansão ferroviária chinesa;Integração econômica
Iniciativa global chinesa;Nova Rota da Seda (BRI)
Brasil até 1930;Baixa integração territorial
Primeira ferrovia brasileira;Ferrovia Mauá
Ano da Ferrovia Mauá;1854
Função das primeiras ferrovias;Escoar café
Padrão ferroviário inicial;Extrovertido
Modal importante antes de 1930;Cabotagem
Primeiro plano viário nacional;Plano Geral de Viação Nacional (1934)
Influência geopolítica do plano de 1934;Mário Travassos
Criação do DNER;1937
Primeira ligação terrestre Sudeste-Nordeste;Rodovia Rio-Bahia
Consolidação do rodoviarismo;Plano Rodoviário Nacional (1944)
Governo de forte expansão rodoviária;JK
Criação da RFFSA;1957
Função da RFFSA;Estatizar ferrovias
Motivo da opção rodoviária;Menor custo e rapidez
Rodovias radiais;Ligam Brasília ao país
BR-101;Rodovia longitudinal
BR-230;Rodovia transversal
BR-364;Rodovia diagonal
Rodovias no regime militar;Base da integração territorial
Rodovias e Amazônia;Eixos de ocupação e desmatamento
Crise dos anos 1980;Ruptura do planejamento estatal
Consequência da crise;Déficit de infraestrutura
Anos 1990 nos transportes;Privatizações e concessões
Problema atual dos transportes;Custo Brasil
Principal modal de cargas do Brasil;Rodoviário
Problema do rodoviarismo;Alto custo para commodities
Produto muito dependente de rodovias;Soja
Rodovias são melhores para;Cargas leves e valiosas
;
;
;
PNLT;Plano Nacional de Logística e Transportes
Ano do PNLT;2007
Objetivo do PNLT;Reduzir peso rodoviário
PNLT foi integrado ao;PAC
Meta do PNLT;Equilibrar modais até 2025
Ferrovia estruturante do PNLT;Norte-Sul
Outra ferrovia do PNLT;Ferronorte
Outra ferrovia do PNLT;FIOL
Outra ferrovia do PNLT;Nova Transnordestina
Principal problema do PNLT;Baixa execução do PAC
PNL;Plano Nacional de Logística
Ano do PNL;2015
Diagnóstico do PNL;Excesso de rodovias
Modal dominante no Brasil;Rodoviário
Principal carga rodoviária;Granéis agrícolas
Principal carga ferroviária;Minério de ferro
Percentual do minério nas ferrovias;Cerca de 80%
Principal carga hidroviária;Minérios e grãos
Principal carga da cabotagem;Petróleo e combustíveis
Marco ferroviário de 2021;Permissão para ferrovias privadas
Objetivo do marco ferroviário;Atrair investimentos
PAC I priorizou;Rodovias
Razão da prioridade rodoviária;Resultado rápido
Expansão agropecuária aumentou;Dependência rodoviária
Região dependente de rodovias;MATOPIBA
Principal eixo ferroviário longitudinal;Ferrovia Norte-Sul
Ligação da Norte-Sul;Itaqui–Santos
Início da Ferrovia Norte-Sul;Década de 1980
Inauguração da Norte-Sul;2023
Ferronorte conecta;SP–MT
Trecho concluído da Ferronorte;Santa Fé do Sul–Rondonópolis
Objetivo da Ferrogrão;Alternativa à BR-163
Ferrogrão ligará;Sinop a Itaituba
Nome da BR-163;Rota da Soja
Problema da Ferrogrão;Questões ambientais e indígenas
FIOL;Ferrovia de Integração Oeste-Leste
Ligação da FIOL;TO–BA
Porto final da FIOL;Ilhéus
Região beneficiada pela FIOL;MATOPIBA
BR-242 é chamada de;Rodovia Milton Santos
Primeiro trecho da FIOL;Caetité–Ilhéus
Nova Transnordestina ligará;PI aos portos CE e PE
Portos da Transnordestina;Pecém e Suape
Objetivo da Transnordestina;Integrar MATOPIBA
FICO;Ferrovia de Integração Centro-Oeste
FICO ligará;MT a GO
Empresa responsável pela FICO;Vale
Objetivo dos projetos ferroviários;Reduzir custos logísticos
Modal mais eficiente;Hidroviário
Hidrovias são quantas vezes mais eficientes que rodovias;Cerca de 10x
Principal problema das hidrovias;Secas e variação dos rios
Hidrovia ligada à BR-364;Madeira
Hidrovia Madeira integra;Navegação amazônica
Hidrovia ligada à BR-163;Tapajós-Teles Pires
Objetivo da Tapajós-Teles Pires;Escoar soja do MT
Hidrovia pouco explorada;Tocantins
Obra importante no Tocantins;Eclusa de Tucuruí
Hidrovia integrada ao Sudeste;Tietê-Paraná
Barreira da Tietê-Paraná;Barragem de Itaipu
Hidrovia usada pelo Paraguai;Paraguai-Paraná
Problema da Paraguai-Paraná;Baixa profundidade
Principal porto brasileiro;Santos
Outros portos tradicionais;Paranaguá e Rio Grande
Porto importante do Arco Norte;Itaqui
Outro porto do Arco Norte;Santarém
Outro porto do Arco Norte;Itacoatiara
Cabotagem responde por;Cerca de 13% das cargas
Principal carga da cabotagem;Petróleo
Programa de incentivo à cabotagem;BR do Mar
Problema do BR do Mar;Reserva de mercado
Objetivo da integração regional;Reduzir custos logísticos
Rodovia Bioceânica conecta;Brasil ao Pacífico
Rodovia Bioceânica usa;BR-364
País conectado pela Transoceânica;Peru
Obra inaugurada da IIRSA;Ponte Brasil-Peru
Problema da rota bioceânica;Alto custo energético
Projeto energético abandonado;Gasoduto do Sul
Motivo do abandono do gasoduto;Pré-sal e crise com Bolívia
Rota Bioceânica ligará;Santos ao Chile
Ponte da Rota Bioceânica;Porto Murtinho–Carmelo Peralta
Ferrovia Bioceânica ligará;Ilhéus a Chancay
País parceiro da Ferrovia Bioceânica;China
Iniciativa global ligada ao projeto;BRI
Ganho esperado da Ferrovia Bioceânica;Redução do tempo de transporte
Consenso de Brasília;Retomada da integração regional
Ano do Consenso de Brasília;2023
Rotas de Integração Sul-Americana;5 rotas estratégicas
Rota 1;Ilha das Guianas
Rota 2;Amazônica
Rota 3;Quadrante Rondon
Rota 4;Bioceânica de Capricórnio
Rota 5;Porto Alegre–Coquimbo
Objetivo das rotas sul-americanas;Ampliar comércio regional
EADI;Estação Aduaneira Interior
Outro nome do EADI;Porto seco
Função do porto seco;Despacho aduaneiro interior
Motivo da criação dos portos secos;Congestionamento portuário
Vantagem do porto seco;Menor custo de armazenagem
Outra vantagem do porto seco;Desafogar portos
Estado com mais EADIs;São Paulo
Exemplo de porto seco;Anápolis (GO)
;
;
;
Modernização conservadora;Modernização agrícola com avanço técnico, mas manutenção da concentração fundiária e desigualdades
Modernização dolorosa;Modernização que aumentou produtividade sem resolver problemas sociais no campo
José Graziano;Autor que formulou a ideia de modernização conservadora
Complexo Rural;Modelo agrário autárquico, monocultor e voltado à exportação
Complexo Cafeeiro Paulista;Modelo de transição entre agricultura tradicional e moderna
Complexo Agroindustrial (CAI);Cadeia integrada entre indústria, agropecuária e processamento
Arquipélago econômico;Baixa integração territorial entre regiões brasileiras
Plantation;Monocultura exportadora com grande propriedade e mão de obra escravizada
Lei Eusébio de Queiroz (1850);Fim do tráfico negreiro e início da crise do Complexo Rural
Lei de Terras (1850);Estabeleceu compra como principal forma de acesso à terra
Autossuficiência produtiva;Produção dos próprios insumos dentro da fazenda
Complexo Rural – base técnica;Ferramentas rudimentares e produção artesanal
Complexo Rural – mercado;Voltado ao mercado externo
Complexo Cafeeiro Paulista;Maior integração econômica e territorial
Colonato;Sistema de trabalho com possibilidade de produção de subsistência
Complexo Cafeeiro – integração;Expansão ferroviária e aumento da divisão do trabalho
Década de 1930;Marco da industrialização e urbanização aceleradas
Urbanização brasileira;Transição de população rural para urbana
Modelo Warren-Thompson;Explica relação entre urbanização e transição demográfica
Expansão horizontal;Ampliação da área cultivada
Expansão vertical;Aumento da produtividade agrícola
Oeste do Paraná;Primeira grande frente agrícola moderna (1940-1960)
Cerrado;Principal fronteira agrícola da modernização
PRODECER;Cooperação nipo-brasileira para expansão agrícola no Cerrado
Embrapa;Instituição que adaptou a soja ao clima tropical
Calagem;Técnica de correção da acidez do solo
MATOPIBA;Nova fronteira agrícola do Cerrado
Soja no Brasil;Introduzida pelo Rio Grande do Sul
Soja – expansão;Associada à exportação, geopolítica e Revolução Verde
Doutrina de Segurança Nacional;Estratégia de ocupação territorial do Centro-Oeste e Amazônia
Revolução Verde;Difusão global de tecnologia agrícola moderna
FAO;Organização criada para combate à fome e apoio agrícola
NPK;Fertilizantes químicos difundidos pela Revolução Verde
Maquinário pesado;Tecnologia militar adaptada para agricultura
Plano de Metas;Incentivou industrialização de insumos agrícolas
D1 agrícola;Setor de bens de capital voltado à agricultura
Complexo Agroindustrial;Agricultura integrada à indústria
CAI – à montante;Indústria de máquinas e insumos agrícolas
CAI – elo central;Produção agropecuária
CAI – à jusante;Indústria de processamento agrícola
Tempo da natureza;Ritmo biológico da produção agropecuária
Tempo da técnica;Ritmo acelerado pelas inovações tecnológicas
Integração vertical;Um ator controla vários elos da cadeia
Integração horizontal;Diferentes atores controlam etapas distintas
Amaggi;Exemplo de integração vertical
Agricultura familiar no CAI;Participação via integração horizontal
Cadeia do fumo (RS);Exemplo de integração horizontal
Assimetria produtiva;Dependência de pequenos produtores em relação às indústrias
Endividamento agrícola;Resultado do financiamento privado de insumos
Agroexportação;Expansão agrícola voltada ao mercado externo
Choque do petróleo;Incentivou expansão da soja exportadora
Cerrado – polígono dos solos ácidos;Área transformada pela agricultura moderna
Pecuária no Cerrado;Primeira atividade da expansão agrícola moderna
Amazônia agrícola;Nova frente de expansão desde os anos 1990
Industrialização brasileira;Base da integração entre campo e cidade
Agricultura contemporânea;Baseada no Complexo Agroindustrial
Integração territorial;Ampliação das conexões econômicas e produtivas
Ferrovias cafeeiras;Ligavam interior produtor aos portos
Insumos agrícolas;Elementos externos necessários à produção moderna
Agricultura moderna;Dependente de tecnologia, crédito e indústria
Subordinação do campo;Dependência da agropecuária em relação à indústria
Cadeias globais de valor;Integração da agricultura ao mercado mundial
Crescimento populacional;Fator de pressão para aumento da produção agrícola
Produção de alimentos;Objetivo central da expansão agrícola pós-1930
Agricultura tropical;Resultado da adaptação tecnológica da Embrapa
Fronteira agrícola;Área de expansão recente da agropecuária
Centro-Oeste;Principal área da modernização agrícola
Agropecuária intensiva;Produção baseada em alta tecnologia
Commodities agrícolas;Produtos exportados em larga escala
Integração campo-indústria;Base estrutural do agronegócio brasileiro
;
;
;
Complexo Rural;Modelo agrário autárquico e fechado
CAI (Complexo Agroindustrial);Modelo agrário integrado à indústria e ao mercado
Diferença central CAI x Complexo Rural;No CAI a agropecuária é subordinada à indústria
Complexo Rural – produção;Autossuficiente e pouco integrada
CAI – produção;Integrada às cadeias industriais e urbanas
Produção agropecuária no CAI;Elo subordinado aos setores industriais
Cultivos mecanizados;Favorecem integração vertical
Soja;Principal exemplo de integração vertical
Cultivos intensivos em trabalho;Favorecem integração horizontal
Integração horizontal;Transferência de riscos ao produtor
Regiões produtivas do agronegócio;Espaços articulados às cadeias globais
Agronegócio moderno;Baseado em tecnologia e exportação
Cadeias globais de produção;Integração internacional da agropecuária
Relação campo-cidade;Intensificada pelo agronegócio
Dependência rural;Produção agrícola subordinada ao urbano
Interiorização urbana;Expansão das cidades impulsionada pelo agronegócio
Grandes corporações agroindustriais;Principais agentes do espaço agrário moderno
ADM;Multinacional do agronegócio
Bunge;Empresa global de comercialização agrícola
Cofco;Empresa chinesa do agronegócio
Louis Dreyfus;Trading global de commodities agrícolas
Mercado de sementes;Controlado por grandes corporações
Agricultura familiar;Produção baseada na mão de obra familiar
Agricultura familiar – importância;Responsável por cerca de 70% dos alimentos consumidos
FAO 2014;Ano Mundial da Agricultura Familiar
SNCR (1965);Crédito voltado à agricultura modernizada
Agricultura familiar – critérios;Gestão familiar, pequena escala e renda própria
Estabelecimentos familiares;77% das propriedades rurais brasileiras
Área da agricultura familiar;Cerca de 23% da área agropecuária
Trabalho familiar;67% da força de trabalho agropecuária
Nordeste;Região com maior presença de agricultura familiar
Norte;Agricultura familiar ligada à produção ribeirinha
Sul;Coexistência entre agricultura familiar e agronegócio
Centro-Oeste;Menor presença da agricultura familiar
Fagocitose rural;Redução da agricultura familiar pelo avanço do agronegócio
MDA;Ministério do Desenvolvimento Agrário
PRONAF;Programa de crédito para agricultura familiar
Governo FHC;Criou MDA e PRONAF
Governos Lula e Dilma;Ampliação das políticas de assistência técnica
Governo Temer;Extinção do MDA
Governo Bolsonaro;Redução das políticas para agricultura familiar
Governo Lula 3;Recriação do MDA
Agricultura familiar – produtos;Feijão, mandioca e cebola
Agricultura orgânica;Produção sem agrotóxicos e transgênicos
Agricultura orgânica – regulamentação;Lei de 2003
Lei de Terras (1850);Consolidou concentração fundiária
Cativeiro da terra;Exclusão social causada pela Lei de Terras
Canudos e Contestado;Movimentos ligados à exclusão fundiária
Ligas Camponesas;Movimento por reforma agrária no Nordeste
Homestead Act (1862);Política distributiva de terras nos EUA
Estrutura fundiária dos EUA;Mais equilibrada e baseada em pequenas propriedades
Revolução Verde;Processo que aumentou concentração fundiária
Constituição de 1946;Introduziu ideia de função social da terra
Estatuto da Terra (1964);Principal marco legal da reforma agrária
Função social da terra;Uso produtivo e socialmente adequado da propriedade
Módulo rural;Área mínima para sustento familiar
Minifúndio;Propriedade abaixo de um módulo rural
Latifúndio por dimensão;Propriedade acima de 600 módulos
Latifúndio improdutivo;Propriedade subutilizada
Empresa rural;Propriedade produtiva e modernizada
Ditadura Militar;Reprimiu movimentos sociais e evitou reforma agrária
INCRA;Órgão responsável pela política agrária
Colonização da Amazônia;Prioridade do INCRA durante a ditadura
PNRA (1985);Plano Nacional de Reforma Agrária
UDR;Grupo contrário à reforma agrária
Lei da Reforma Agrária (1993);Regulamentou desapropriações
Massacre de Eldorado dos Carajás;Conflito agrário ocorrido em 1996
Estrutura fundiária brasileira;Altamente concentrada
Grandes propriedades;Concentram maior parte das terras
Pastagens;Principal uso da terra no Brasil
Pastagens – participação;Cerca de 45% da área agropecuária
Lavouras;Menos de 10% do território nacional
Unidades de conservação;Aproximadamente 20% do território brasileiro
Terras indígenas;Cerca de 15% do território nacional
Áreas urbanas;Menos de 1% do território brasileiro
Potencial agrícola brasileiro;Maior área agricultável do mundo
Expansão agrícola;Limitada por logística e questões ambientais
Pecuária bovina;Atividade ligada à degradação do solo
Vegetação original;Mais da metade do território brasileiro
Plano ABC;Programa de agricultura de baixo carbono
Integração lavoura-pecuária-floresta;Estratégia sustentável do Plano ABC
Agricultura de precisão;Uso intensivo de tecnologia na produção
Agroecologia;Produção agrícola sustentável
Fronteira agrícola;Área recente de expansão produtiva
Fundos territoriais;Regiões pouco exploradas economicamente
;
;
;
Modernização conservadora;Modernização agrícola com avanço técnico, mas manutenção da concentração fundiária e desigualdades sociais
Complexo Rural;Modelo agrário autárquico, monocultor, exportador e pouco integrado ao território
Plantation;Grande propriedade monocultora voltada à exportação com mão de obra escravizada
Complexo Cafeeiro Paulista;Modelo de transição que ampliou integração territorial e divisão do trabalho
Complexo Agroindustrial (CAI);Cadeia integrada entre indústria, agropecuária e processamento
Indústria à montante;Produção de máquinas, fertilizantes e insumos agrícolas
Indústria à jusante;Beneficiamento e processamento da produção agropecuária
Integração vertical;Um mesmo grupo controla vários elos da cadeia produtiva
Integração horizontal;Diferentes agentes realizam etapas distintas da cadeia
Revolução Verde;Difusão de máquinas, fertilizantes e sementes modernas no pós-guerra
Embrapa;Instituição responsável por adaptar tecnologias agrícolas ao Brasil tropical
PRODECER;Cooperação Brasil-Japão para expansão agrícola no Cerrado
Expansão horizontal;Crescimento da produção pelo aumento da área cultivada
Expansão vertical;Crescimento pela elevação da produtividade
Cerrado;Principal área de expansão agrícola moderna do Brasil
MATOPIBA;Nova fronteira agrícola formada por MA, TO, PI e BA
Soja;Principal commodity agrícola brasileira
Flex crops;Culturas agrícolas adaptáveis conforme mercado, como soja, milho e algodão
Região produtiva do agronegócio;Área integrada às cadeias globais de produção agroindustrial
Agricultura familiar;Produção baseada em mão de obra e gestão familiar
PRONAF;Programa de crédito voltado à agricultura familiar
MDA;Ministério voltado ao desenvolvimento agrário e agricultura familiar
Agricultura orgânica;Produção sem agrotóxicos e transgênicos
Lei de Terras (1850);Estabeleceu compra como única forma de acesso à terra
Cativeiro da terra;Exclusão dos pobres e ex-escravizados do acesso à terra
Homestead Act;Política dos EUA que distribuiu terras no Oeste
Estatuto da Terra (1964);Marco legal da reforma agrária e função social da terra
Função social da terra;Uso produtivo e socialmente adequado da propriedade
Módulo rural;Área mínima suficiente para sustento familiar
Minifúndio;Propriedade abaixo do módulo rural
Latifúndio por dimensão;Propriedade acima de 600 módulos
Latifúndio improdutivo;Terra subutilizada sem cumprir função social
Empresa rural;Grande propriedade produtiva e modernizada
INCRA;Órgão responsável por colonização e reforma agrária
PNRA;Plano Nacional de Reforma Agrária de 1985
UDR;Grupo político contrário à reforma agrária
MST;Movimento social de luta pela reforma agrária
Eldorado dos Carajás;Massacre de trabalhadores rurais em 1996
Estrutura fundiária concentrada;Poucas propriedades grandes concentram a maior parte das terras
Pastagens;Principal uso do território agropecuário brasileiro
Plano ABC;Política de agricultura de baixo carbono
Integração lavoura-pecuária-floresta;Sistema sustentável de produção integrada
Fundos territoriais;Áreas pouco exploradas passíveis de expansão agrícola
Mato Grosso;Maior produtor agrícola do Brasil
Commodities agrícolas;Produtos primários voltados ao mercado externo
Brasil agrícola;Grande produtor com pequena parcela do território cultivada
Dependência de fertilizantes;Vulnerabilidade brasileira à importação de adubos
Cana-de-açúcar;Base da produção de açúcar e etanol
IAA;Instituto do Açúcar e do Álcool criado em 1933
Etanol;Biocombustível derivado da cana ou milho
Milho safrinha;Produção de milho em alternância com soja
Café arábica;Café de maior qualidade e altitude
Café conilon;Café robusta cultivado em áreas mais quentes
Algodão herbáceo;Tipo moderno integrado à soja e milho
Fumo;Produção exportadora baseada em agricultura familiar
Fruticultura irrigada;Produção intensiva em áreas irrigadas do Nordeste
Vale do São Francisco;Principal polo de fruticultura irrigada
Trigo;Cultura concentrada no Sul e dependente de importações
Rodoviarismo;Predomínio das rodovias na matriz de transportes brasileira
DNER;Departamento Nacional de Estradas de Rodagem
BR-101;Exemplo de rodovia longitudinal
BR-230;Rodovia Transamazônica
RFFSA;Empresa estatal ferroviária criada em 1957
Custo Brasil;Altos custos logísticos e estruturais da economia
PNLT;Plano para equilibrar modais de transporte
Ferrovia Norte-Sul;Eixo ferroviário ligando Itaqui a Santos
Ferronorte;Ferrovia voltada ao escoamento do Centro-Oeste
FIOL;Ferrovia ligando Oeste da Bahia ao litoral
Ferrogrão;Projeto ferroviário entre MT e PA
Nova Transnordestina;Ferrovia ligando PI aos portos do Nordeste
FICO;Ferrovia de Integração do Centro-Oeste
Hidrovia do Madeira;Integra Centro-Oeste à navegação amazônica
Hidrovia Tietê-Paraná;Principal hidrovia do Centro-Sul
Arco Norte;Conjunto de portos do Norte exportadores de grãos
BR do Mar;Programa de incentivo à cabotagem
Cabotagem;Navegação entre portos do mesmo país
Porto seco (EADI);Terminal alfandegário localizado no interior
Rodovia Bioceânica;Integração entre Brasil e portos do Pacífico
Ferrovia Bioceânica;Projeto ferroviário ligando Brasil ao Peru
Rotas de Integração Sul-Americana;Projetos recentes de integração logística regional
Hidrogênio verde;Hidrogênio produzido com energia renovável
Hidrogênio azul;Hidrogênio produzido a partir do gás natural
PNH2;Programa Nacional de Hidrogênio
RenovaBio;Política de incentivo aos biocombustíveis
Biodiesel;Combustível renovável produzido principalmente de soja
Licor preto;Resíduo da celulose usado para geração de energia
Energia solar;Fonte renovável em rápida expansão no Brasil
Geração distribuída;Produção descentralizada de energia em residências e empresas
Marco Legal da Geração Distribuída;Regulamentação da energia solar desde 2023
;
;
;
Arroz;Cultura voltada ao consumo interno, concentrada no Sul
Rio Grande do Sul;Responsável por cerca de 70% da produção nacional de arroz
Feijão;Cultura alimentar essencial com destaque no PR e MG
Mandioca;Produção predominante no Norte, especialmente no Pará
Pecuária;Setor responsável por cerca de 10% do PIB brasileiro
OMSA;Organização que reconheceu o Brasil livre de aftosa sem vacinação
Febre aftosa;Doença animal historicamente combatida na pecuária bovina
Pecuária bovina;Brasil possui maior rebanho comercial do mundo
Brasil bovino;Maior exportador mundial de carne bovina
China e Hong Kong;Principais compradores da carne bovina brasileira
Marcha para o Norte;Expansão da pecuária bovina para a Amazônia
Frigoríficos;Indústrias que influenciam a localização da pecuária
Pecuária e desmatamento;Principal vetor de desmatamento da Amazônia
Mato Grosso;Maior rebanho bovino do Brasil
Pecuária leiteira;Produção concentrada em MG, PR e RS
Minas Gerais;Principal produtor de leite do Brasil
Pecuária suína;Brasil é o 4º maior produtor mundial
Região Sul;Concentra quase metade da produção suína brasileira
China;Maior consumidora e importadora de carne suína
Pecuária de galináceos;Brasil é líder mundial em exportação de frango
Paraná;Principal produtor brasileiro de carne de frango
Avicultura;Setor com mais de 1,5 bilhão de aves no Brasil
Modelo farmer;Agricultura familiar baseada em pequenas e médias propriedades nos EUA
Homestead Act;Lei norte-americana de distribuição de terras
Corporate farms;Grandes propriedades empresariais dos EUA
Crise de 1929;Intensificou concentração fundiária nos EUA
Revolução Verde nos EUA;Favoreceu grandes produtores capitalizados
PAC Europeia;Política Agrícola Comum da União Europeia
PAC;Garante subsídios e segurança alimentar na Europa
Agricultura europeia;Baseada em pequenas propriedades altamente subsidiadas
Segurança alimentar;Garantia de abastecimento de alimentos
Soberania alimentar;Controle local sobre meios de produção agrícola
Land grabbing;Aquisição massiva de terras por investidores estrangeiros
Land rush;Nova corrida mundial por terras agrícolas
África Subsaariana;Principal fronteira fundiária contemporânea
Leasing fundiário;Arrendamento de terras a baixo custo
Flex crops;Culturas com múltiplos usos, como soja e milho
AGRA;Organização que promove modernização agrícola africana
Pró-Savana;Projeto agrícola no Corredor de Nacala em Moçambique
Corredor de Nacala;Área agrícola estratégica em Moçambique
Êxodo rural;Saída da população do campo para as cidades
Modelo de enclave;Produção exportadora pouco integrada ao território
Água virtual;Grande volume de água incorporado à produção agrícola
Barragens na Etiópia;Exemplo de disputa estratégica por recursos hídricos
Segurança alimentar x soberania alimentar;Debate entre produção de alimentos e controle dos recursos
China na África;Investimentos ligados à segurança alimentar
Biocombustíveis;Um dos motores do land grabbing
Desmatamento agrícola;Impacto ambiental da expansão do agronegócio
Urbanização descontrolada;Consequência da modernização agrícola excludente
Pequena propriedade europeia;Base histórica da agricultura da União Europeia
Subsídios agrícolas;Instrumento central da política agrícola europeia
Assistência técnica;Diferencial competitivo da agricultura europeia
Concentração fundiária;Tendência presente no Brasil e nos EUA modernos
Agricultura familiar europeia;Protegida por políticas públicas e subsídios
Complexo Agroindustrial global;Integra agricultura, indústria e logística em escala mundial
